event_id,method_name,target_linked,n_hidden_frames,n_hidden_frames_alive,hidden_frame_coverage,fully_bridged,n_hidden_frames_with_gt,mean_center_error_px,mean_iou,recovery_status,recovery_latency_frames,event_source,ablation_mode
6f83169d_track11_detector_intervention_d2_c0.5,oatm_motion_only,True,2,2,1.0,True,2,0.9313224217343814,0.9345649091247673,new_id,5.0,detector_intervention,motion_only
6f83169d_track11_detector_intervention_d2_c0.5,oatm_appearance_only,True,2,2,1.0,True,2,0.9313224217343814,0.9345649091247673,new_id,5.0,detector_intervention,appearance_only
6f83169d_track11_detector_intervention_d2_c0.5,oatm_dual,True,2,2,1.0,True,2,0.9313224217343814,0.9345649091247673,new_id,5.0,detector_intervention,dual
6f83169d_track11_detector_intervention_d2_c1.0,oatm_motion_only,True,2,2,1.0,True,2,1.9348322109682803,0.8758399339847256,same_id,4.0,detector_intervention,motion_only
6f83169d_track11_detector_intervention_d2_c1.0,oatm_appearance_only,True,2,2,1.0,True,2,1.9348322109682803,0.8758399339847256,same_id,4.0,detector_intervention,appearance_only
6f83169d_track11_detector_intervention_d2_c1.0,oatm_dual,True,2,2,1.0,True,2,1.9348322109682803,0.8758399339847256,same_id,4.0,detector_intervention,dual
6f83169d_track11_detector_intervention_d5_c0.5,oatm_motion_only,True,5,3,0.6,False,3,0.6557508594624422,0.9450632586453521,not_recovered,,detector_intervention,motion_only
6f83169d_track11_detector_intervention_d5_c0.5,oatm_appearance_only,True,5,3,0.6,False,3,0.6557508594624422,0.9450632586453521,not_recovered,,detector_intervention,appearance_only
6f83169d_track11_detector_intervention_d5_c0.5,oatm_dual,True,5,3,0.6,False,3,0.6557508594624422,0.9450632586453521,not_recovered,,detector_intervention,dual
6f83169d_track11_detector_intervention_d5_c1.0,oatm_motion_only,True,5,5,1.0,True,5,1.1960073482843445,0.9044081370762347,same_id,0.0,detector_intervention,motion_only
6f83169d_track11_detector_intervention_d5_c1.0,oatm_appearance_only,True,5,5,1.0,True,5,1.1960073482843445,0.9044081370762347,same_id,0.0,detector_intervention,appearance_only
6f83169d_track11_detector_intervention_d5_c1.0,oatm_dual,True,5,5,1.0,True,5,1.1960073482843445,0.9044081370762347,same_id,0.0,detector_intervention,dual
325cef68_track27_detector_intervention_d2_c0.5,oatm_motion_only,True,2,2,1.0,True,2,5.289416749676413,0.8110105168473127,same_id,0.0,detector_intervention,motion_only
325cef68_track27_detector_intervention_d2_c0.5,oatm_appearance_only,True,2,2,1.0,True,2,9.669099788790266,0.6676754536303438,same_id,0.0,detector_intervention,appearance_only
325cef68_track27_detector_intervention_d2_c0.5,oatm_dual,True,2,2,1.0,True,2,5.939256305807971,0.7975938345212117,same_id,0.0,detector_intervention,dual
325cef68_track27_detector_intervention_d2_c1.0,oatm_motion_only,True,2,2,1.0,True,2,8.618878051481184,0.7182245079746161,same_id,0.0,detector_intervention,motion_only
325cef68_track27_detector_intervention_d2_c1.0,oatm_appearance_only,True,2,2,1.0,True,2,127.89351688140897,0.0,new_id,5.0,detector_intervention,appearance_only
325cef68_track27_detector_intervention_d2_c1.0,oatm_dual,True,2,2,1.0,True,2,33.27114063555294,0.2620069761475661,new_id,0.0,detector_intervention,dual
325cef68_track27_detector_intervention_d5_c0.5,oatm_motion_only,True,5,5,1.0,True,5,5.548183749631994,0.8183638183965526,same_id,0.0,detector_intervention,motion_only
325cef68_track27_detector_intervention_d5_c0.5,oatm_appearance_only,True,5,5,1.0,True,5,83.73646081718437,0.0,new_id,2.0,detector_intervention,appearance_only
325cef68_track27_detector_intervention_d5_c0.5,oatm_dual,True,5,5,1.0,True,5,6.137397266977521,0.8046852667231688,same_id,0.0,detector_intervention,dual
325cef68_track27_detector_intervention_d5_c1.0,oatm_motion_only,True,5,5,1.0,True,5,10.956880394737514,0.6937901448474777,same_id,0.0,detector_intervention,motion_only
325cef68_track27_detector_intervention_d5_c1.0,oatm_appearance_only,True,5,5,1.0,True,5,83.73646081718437,0.0,new_id,2.0,detector_intervention,appearance_only
325cef68_track27_detector_intervention_d5_c1.0,oatm_dual,True,5,5,1.0,True,5,35.28384326967313,0.2923609470574884,new_id,0.0,detector_intervention,dual
de7d80a1_track8_detector_intervention_d2_c0.5,oatm_motion_only,True,2,2,1.0,True,2,0.7812486927887674,0.8909962192305956,same_id,0.0,detector_intervention,motion_only
de7d80a1_track8_detector_intervention_d2_c0.5,oatm_appearance_only,True,2,2,1.0,True,2,0.7812486927887674,0.8909962192305956,same_id,0.0,detector_intervention,appearance_only
de7d80a1_track8_detector_intervention_d2_c0.5,oatm_dual,True,2,2,1.0,True,2,0.7812486927887674,0.8909962192305956,same_id,0.0,detector_intervention,dual
de7d80a1_track8_detector_intervention_d2_c1.0,oatm_motion_only,True,2,2,1.0,True,2,1.258058260028217,0.7973058349855595,same_id,0.0,detector_intervention,motion_only
de7d80a1_track8_detector_intervention_d2_c1.0,oatm_appearance_only,True,2,2,1.0,True,2,1.258058260028217,0.7973058349855595,same_id,0.0,detector_intervention,appearance_only
de7d80a1_track8_detector_intervention_d2_c1.0,oatm_dual,True,2,2,1.0,True,2,1.258058260028217,0.7973058349855595,same_id,0.0,detector_intervention,dual
de7d80a1_track8_detector_intervention_d5_c0.5,oatm_motion_only,True,5,5,1.0,True,5,2.2953377166991897,0.8461004698479881,same_id,0.0,detector_intervention,motion_only
de7d80a1_track8_detector_intervention_d5_c0.5,oatm_appearance_only,True,5,5,1.0,True,5,2.2953377166991897,0.8461004698479881,same_id,0.0,detector_intervention,appearance_only
de7d80a1_track8_detector_intervention_d5_c0.5,oatm_dual,True,5,5,1.0,True,5,2.2953377166991897,0.8461004698479881,same_id,0.0,detector_intervention,dual
de7d80a1_track8_detector_intervention_d5_c1.0,oatm_motion_only,True,5,1,0.2,False,1,2.164976013494808,0.8508838010703883,new_id,0.0,detector_intervention,motion_only
de7d80a1_track8_detector_intervention_d5_c1.0,oatm_appearance_only,True,5,1,0.2,False,1,2.164976013494808,0.8508838010703883,not_recovered,,detector_intervention,appearance_only
de7d80a1_track8_detector_intervention_d5_c1.0,oatm_dual,True,5,1,0.2,False,1,2.164976013494808,0.8508838010703883,new_id,0.0,detector_intervention,dual
cc8c0bf5_track2_detector_intervention_d2_c0.5,oatm_motion_only,True,2,2,1.0,True,2,1.1843461177631014,0.7982568946516652,same_id,0.0,detector_intervention,motion_only
cc8c0bf5_track2_detector_intervention_d2_c0.5,oatm_appearance_only,True,2,2,1.0,True,2,1.1843461177631014,0.7982568946516652,same_id,0.0,detector_intervention,appearance_only
cc8c0bf5_track2_detector_intervention_d2_c0.5,oatm_dual,True,2,2,1.0,True,2,1.1843461177631014,0.7982568946516652,same_id,0.0,detector_intervention,dual
cc8c0bf5_track2_detector_intervention_d2_c1.0,oatm_motion_only,True,2,2,1.0,True,2,2.6393156943046643,0.77511107364876,same_id,0.0,detector_intervention,motion_only
cc8c0bf5_track2_detector_intervention_d2_c1.0,oatm_appearance_only,True,2,2,1.0,True,2,2.6393156943046643,0.77511107364876,same_id,0.0,detector_intervention,appearance_only
cc8c0bf5_track2_detector_intervention_d2_c1.0,oatm_dual,True,2,2,1.0,True,2,2.6393156943046643,0.77511107364876,same_id,0.0,detector_intervention,dual
cc8c0bf5_track2_detector_intervention_d5_c0.5,oatm_motion_only,True,5,5,1.0,True,5,0.9486146196833554,0.8515593136097312,same_id,0.0,detector_intervention,motion_only
cc8c0bf5_track2_detector_intervention_d5_c0.5,oatm_appearance_only,True,5,5,1.0,True,5,0.9486146196833554,0.8515593136097312,same_id,0.0,detector_intervention,appearance_only
cc8c0bf5_track2_detector_intervention_d5_c0.5,oatm_dual,True,5,5,1.0,True,5,0.9486146196833554,0.8515593136097312,same_id,0.0,detector_intervention,dual
cc8c0bf5_track2_detector_intervention_d5_c1.0,oatm_motion_only,True,5,5,1.0,True,5,2.318341438489071,0.806962409002411,same_id,0.0,detector_intervention,motion_only
cc8c0bf5_track2_detector_intervention_d5_c1.0,oatm_appearance_only,True,5,5,1.0,True,5,2.318341438489071,0.806962409002411,same_id,0.0,detector_intervention,appearance_only
cc8c0bf5_track2_detector_intervention_d5_c1.0,oatm_dual,True,5,5,1.0,True,5,2.318341438489071,0.806962409002411,same_id,0.0,detector_intervention,dual
c5224b9b_track18_detector_intervention_d2_c0.5,oatm_motion_only,True,2,2,1.0,True,2,1.8703311315702056,0.8898937174361365,same_id,0.0,detector_intervention,motion_only
c5224b9b_track18_detector_intervention_d2_c0.5,oatm_appearance_only,True,2,2,1.0,True,2,1.8703311315702056,0.8898937174361365,same_id,0.0,detector_intervention,appearance_only
c5224b9b_track18_detector_intervention_d2_c0.5,oatm_dual,True,2,2,1.0,True,2,1.8703311315702056,0.8898937174361365,same_id,0.0,detector_intervention,dual
c5224b9b_track18_detector_intervention_d2_c1.0,oatm_motion_only,True,2,2,1.0,True,2,2.7778574426028957,0.8506232348584476,same_id,0.0,detector_intervention,motion_only
c5224b9b_track18_detector_intervention_d2_c1.0,oatm_appearance_only,True,2,2,1.0,True,2,2.7778574426028957,0.8506232348584476,same_id,0.0,detector_intervention,appearance_only
c5224b9b_track18_detector_intervention_d2_c1.0,oatm_dual,True,2,2,1.0,True,2,2.7778574426028957,0.8506232348584476,same_id,0.0,detector_intervention,dual
c5224b9b_track18_detector_intervention_d5_c0.5,oatm_motion_only,True,5,5,1.0,True,5,2.3829530581201963,0.868115846358468,same_id,0.0,detector_intervention,motion_only
c5224b9b_track18_detector_intervention_d5_c0.5,oatm_appearance_only,True,5,5,1.0,True,5,2.3829530581201963,0.868115846358468,same_id,0.0,detector_intervention,appearance_only
c5224b9b_track18_detector_intervention_d5_c0.5,oatm_dual,True,5,5,1.0,True,5,2.3829530581201963,0.868115846358468,same_id,0.0,detector_intervention,dual
c5224b9b_track18_detector_intervention_d5_c1.0,oatm_motion_only,True,5,5,1.0,True,5,3.0421693908460616,0.8428625182001415,same_id,0.0,detector_intervention,motion_only
c5224b9b_track18_detector_intervention_d5_c1.0,oatm_appearance_only,True,5,5,1.0,True,5,3.0421693908460616,0.8428625182001415,same_id,0.0,detector_intervention,appearance_only
c5224b9b_track18_detector_intervention_d5_c1.0,oatm_dual,True,5,5,1.0,True,5,3.0421693908460616,0.8428625182001415,same_id,0.0,detector_intervention,dual
6f83169d_track21_detector_intervention_d2_c0.5,oatm_motion_only,True,2,2,1.0,True,2,2.6456001291906652,0.8874511060040859,same_id,0.0,detector_intervention,motion_only
6f83169d_track21_detector_intervention_d2_c0.5,oatm_appearance_only,True,2,2,1.0,True,2,2.6456001291906652,0.8874511060040859,same_id,0.0,detector_intervention,appearance_only
6f83169d_track21_detector_intervention_d2_c0.5,oatm_dual,True,2,2,1.0,True,2,2.6456001291906652,0.8874511060040859,same_id,0.0,detector_intervention,dual
6f83169d_track21_detector_intervention_d2_c1.0,oatm_motion_only,True,2,2,1.0,True,2,4.156171439693743,0.8544441682370268,same_id,0.0,detector_intervention,motion_only
6f83169d_track21_detector_intervention_d2_c1.0,oatm_appearance_only,True,2,2,1.0,True,2,4.156171439693743,0.8544441682370268,same_id,0.0,detector_intervention,appearance_only
6f83169d_track21_detector_intervention_d2_c1.0,oatm_dual,True,2,2,1.0,True,2,4.156171439693743,0.8544441682370268,same_id,0.0,detector_intervention,dual
6f83169d_track21_detector_intervention_d5_c0.5,oatm_motion_only,True,5,5,1.0,True,5,4.941667609150418,0.8235442863251411,same_id,0.0,detector_intervention,motion_only
6f83169d_track21_detector_intervention_d5_c0.5,oatm_appearance_only,True,5,5,1.0,True,5,4.941667609150418,0.8235442863251411,same_id,0.0,detector_intervention,appearance_only
6f83169d_track21_detector_intervention_d5_c0.5,oatm_dual,True,5,5,1.0,True,5,4.941667609150418,0.8235442863251411,same_id,0.0,detector_intervention,dual
6f83169d_track21_detector_intervention_d5_c1.0,oatm_motion_only,True,5,1,0.2,False,1,1.3403605019597615,0.9142564916567993,new_id,6.0,detector_intervention,motion_only
6f83169d_track21_detector_intervention_d5_c1.0,oatm_appearance_only,True,5,1,0.2,False,1,1.3403605019597615,0.9142564916567993,new_id,6.0,detector_intervention,appearance_only
6f83169d_track21_detector_intervention_d5_c1.0,oatm_dual,True,5,1,0.2,False,1,1.3403605019597615,0.9142564916567993,new_id,6.0,detector_intervention,dual
6f83169d_track11_controlled_visual_d2_c0.5,oatm_motion_only,True,2,2,1.0,True,2,1.3939985993655715,0.9119733818242699,same_id,4.0,controlled_visual,motion_only
6f83169d_track11_controlled_visual_d2_c0.5,oatm_appearance_only,True,2,2,1.0,True,2,1.3939985993655715,0.9119733818242699,same_id,4.0,controlled_visual,appearance_only
6f83169d_track11_controlled_visual_d2_c0.5,oatm_dual,True,2,2,1.0,True,2,1.3939985993655715,0.9119733818242699,same_id,4.0,controlled_visual,dual
6f83169d_track11_controlled_visual_d2_c1.0,oatm_motion_only,True,2,2,1.0,True,2,1.9348322109682803,0.8758399339847256,same_id,4.0,controlled_visual,motion_only
6f83169d_track11_controlled_visual_d2_c1.0,oatm_appearance_only,True,2,2,1.0,True,2,1.9348322109682803,0.8758399339847256,same_id,4.0,controlled_visual,appearance_only
6f83169d_track11_controlled_visual_d2_c1.0,oatm_dual,True,2,2,1.0,True,2,1.9348322109682803,0.8758399339847256,same_id,4.0,controlled_visual,dual
6f83169d_track11_controlled_visual_d5_c0.5,oatm_motion_only,True,5,5,1.0,True,5,0.7989631182638443,0.8729402657793539,same_id,0.0,controlled_visual,motion_only
6f83169d_track11_controlled_visual_d5_c0.5,oatm_appearance_only,True,5,5,1.0,True,5,0.7989631182638443,0.8729402657793539,same_id,0.0,controlled_visual,appearance_only
6f83169d_track11_controlled_visual_d5_c0.5,oatm_dual,True,5,5,1.0,True,5,0.7989631182638443,0.8729402657793539,same_id,0.0,controlled_visual,dual
6f83169d_track11_controlled_visual_d5_c1.0,oatm_motion_only,True,5,1,0.2,False,1,0.24236824078459196,0.9325120437787452,not_recovered,,controlled_visual,motion_only
6f83169d_track11_controlled_visual_d5_c1.0,oatm_appearance_only,True,5,1,0.2,False,1,0.24236824078459196,0.9325120437787452,not_recovered,,controlled_visual,appearance_only
6f83169d_track11_controlled_visual_d5_c1.0,oatm_dual,True,5,1,0.2,False,1,0.24236824078459196,0.9325120437787452,not_recovered,,controlled_visual,dual
325cef68_track27_controlled_visual_d2_c0.5,oatm_motion_only,True,2,2,1.0,True,2,4.7269195072010675,0.8243981164611092,same_id,0.0,controlled_visual,motion_only
325cef68_track27_controlled_visual_d2_c0.5,oatm_appearance_only,True,2,2,1.0,True,2,9.288508137571473,0.6798827273379662,same_id,0.0,controlled_visual,appearance_only
325cef68_track27_controlled_visual_d2_c0.5,oatm_dual,True,2,2,1.0,True,2,5.344247630773351,0.8118925527087273,same_id,0.0,controlled_visual,dual
325cef68_track27_controlled_visual_d2_c1.0,oatm_motion_only,True,2,2,1.0,True,2,11.425098148331713,0.6428238270768537,same_id,0.0,controlled_visual,motion_only
325cef68_track27_controlled_visual_d2_c1.0,oatm_appearance_only,True,2,2,1.0,True,2,127.84553004563475,0.0,new_id,5.0,controlled_visual,appearance_only
325cef68_track27_controlled_visual_d2_c1.0,oatm_dual,True,2,2,1.0,True,2,12.256872959921386,0.6205402685771454,same_id,0.0,controlled_visual,dual
325cef68_track27_controlled_visual_d5_c0.5,oatm_motion_only,True,5,5,1.0,True,5,18.36111471389284,0.49815934977797405,same_id,0.0,controlled_visual,motion_only
325cef68_track27_controlled_visual_d5_c0.5,oatm_appearance_only,True,5,5,1.0,True,5,181.2727533515427,0.0,new_id,0.0,controlled_visual,appearance_only
325cef68_track27_controlled_visual_d5_c0.5,oatm_dual,True,5,5,1.0,True,5,48.53289381623287,0.12410283688614632,new_id,0.0,controlled_visual,dual
325cef68_track27_controlled_visual_d5_c1.0,oatm_motion_only,True,5,5,1.0,True,5,18.36111471389284,0.49815934977797405,same_id,0.0,controlled_visual,motion_only
325cef68_track27_controlled_visual_d5_c1.0,oatm_appearance_only,True,5,5,1.0,True,5,48.72408320174132,0.098770886861038,new_id,0.0,controlled_visual,appearance_only
325cef68_track27_controlled_visual_d5_c1.0,oatm_dual,True,5,5,1.0,True,5,51.4883506001191,0.08496276467787062,new_id,0.0,controlled_visual,dual
de7d80a1_track8_controlled_visual_d2_c0.5,oatm_motion_only,True,2,2,1.0,True,2,1.1216619721607979,0.7827244636778787,same_id,0.0,controlled_visual,motion_only
de7d80a1_track8_controlled_visual_d2_c0.5,oatm_appearance_only,True,2,2,1.0,True,2,1.1216619721607979,0.7827244636778787,same_id,0.0,controlled_visual,appearance_only
de7d80a1_track8_controlled_visual_d2_c0.5,oatm_dual,True,2,2,1.0,True,2,1.1216619721607979,0.7827244636778787,same_id,0.0,controlled_visual,dual
de7d80a1_track8_controlled_visual_d2_c1.0,oatm_motion_only,True,2,2,1.0,True,2,1.258058260028217,0.7973058349855595,same_id,0.0,controlled_visual,motion_only
de7d80a1_track8_controlled_visual_d2_c1.0,oatm_appearance_only,True,2,2,1.0,True,2,1.258058260028217,0.7973058349855595,same_id,0.0,controlled_visual,appearance_only
de7d80a1_track8_controlled_visual_d2_c1.0,oatm_dual,True,2,2,1.0,True,2,1.258058260028217,0.7973058349855595,same_id,0.0,controlled_visual,dual
de7d80a1_track8_controlled_visual_d5_c0.5,oatm_motion_only,True,5,5,1.0,True,5,2.610465100387597,0.7483291087795274,same_id,0.0,controlled_visual,motion_only
de7d80a1_track8_controlled_visual_d5_c0.5,oatm_appearance_only,True,5,5,1.0,True,5,2.610465100387597,0.7483291087795274,same_id,0.0,controlled_visual,appearance_only
de7d80a1_track8_controlled_visual_d5_c0.5,oatm_dual,True,5,5,1.0,True,5,2.610465100387597,0.7483291087795274,same_id,0.0,controlled_visual,dual
de7d80a1_track8_controlled_visual_d5_c1.0,oatm_motion_only,True,5,1,0.2,False,1,2.164976013494808,0.8508838010703883,new_id,0.0,controlled_visual,motion_only
de7d80a1_track8_controlled_visual_d5_c1.0,oatm_appearance_only,True,5,1,0.2,False,1,2.164976013494808,0.8508838010703883,new_id,0.0,controlled_visual,appearance_only
de7d80a1_track8_controlled_visual_d5_c1.0,oatm_dual,True,5,1,0.2,False,1,2.164976013494808,0.8508838010703883,new_id,0.0,controlled_visual,dual
cc8c0bf5_track2_controlled_visual_d2_c0.5,oatm_motion_only,True,2,2,1.0,True,2,1.8577287469478092,0.8107037092391576,same_id,0.0,controlled_visual,motion_only
cc8c0bf5_track2_controlled_visual_d2_c0.5,oatm_appearance_only,True,2,2,1.0,True,2,1.8577287469478092,0.8107037092391576,same_id,0.0,controlled_visual,appearance_only
cc8c0bf5_track2_controlled_visual_d2_c0.5,oatm_dual,True,2,2,1.0,True,2,1.8577287469478092,0.8107037092391576,same_id,0.0,controlled_visual,dual
cc8c0bf5_track2_controlled_visual_d2_c1.0,oatm_motion_only,True,2,2,1.0,True,2,2.011126932509585,0.732917605321727,same_id,0.0,controlled_visual,motion_only
cc8c0bf5_track2_controlled_visual_d2_c1.0,oatm_appearance_only,True,2,2,1.0,True,2,2.011126932509585,0.732917605321727,same_id,0.0,controlled_visual,appearance_only
cc8c0bf5_track2_controlled_visual_d2_c1.0,oatm_dual,True,2,2,1.0,True,2,2.011126932509585,0.732917605321727,same_id,0.0,controlled_visual,dual
cc8c0bf5_track2_controlled_visual_d5_c0.5,oatm_motion_only,True,5,5,1.0,True,5,1.3770400002623857,0.8605326331300697,same_id,0.0,controlled_visual,motion_only
cc8c0bf5_track2_controlled_visual_d5_c0.5,oatm_appearance_only,True,5,5,1.0,True,5,1.3770400002623857,0.8605326331300697,same_id,0.0,controlled_visual,appearance_only
cc8c0bf5_track2_controlled_visual_d5_c0.5,oatm_dual,True,5,5,1.0,True,5,1.3770400002623857,0.8605326331300697,same_id,0.0,controlled_visual,dual
cc8c0bf5_track2_controlled_visual_d5_c1.0,oatm_motion_only,True,5,5,1.0,True,5,2.1956676175933554,0.8585326890332949,same_id,0.0,controlled_visual,motion_only
cc8c0bf5_track2_controlled_visual_d5_c1.0,oatm_appearance_only,True,5,5,1.0,True,5,2.1956676175933554,0.8585326890332949,same_id,0.0,controlled_visual,appearance_only
cc8c0bf5_track2_controlled_visual_d5_c1.0,oatm_dual,True,5,5,1.0,True,5,2.1956676175933554,0.8585326890332949,same_id,0.0,controlled_visual,dual
c5224b9b_track18_controlled_visual_d2_c0.5,oatm_motion_only,True,2,2,1.0,True,2,2.7778574426028957,0.8506232348584476,same_id,0.0,controlled_visual,motion_only
c5224b9b_track18_controlled_visual_d2_c0.5,oatm_appearance_only,True,2,2,1.0,True,2,2.7778574426028957,0.8506232348584476,same_id,0.0,controlled_visual,appearance_only
c5224b9b_track18_controlled_visual_d2_c0.5,oatm_dual,True,2,2,1.0,True,2,2.7778574426028957,0.8506232348584476,same_id,0.0,controlled_visual,dual
c5224b9b_track18_controlled_visual_d2_c1.0,oatm_motion_only,True,2,1,0.5,False,1,1.7886397037347883,0.8835409857276627,not_recovered,,controlled_visual,motion_only
c5224b9b_track18_controlled_visual_d2_c1.0,oatm_appearance_only,True,2,1,0.5,False,1,1.7886397037347883,0.8835409857276627,not_recovered,,controlled_visual,appearance_only
c5224b9b_track18_controlled_visual_d2_c1.0,oatm_dual,True,2,1,0.5,False,1,1.7886397037347883,0.8835409857276627,not_recovered,,controlled_visual,dual
c5224b9b_track18_controlled_visual_d5_c0.5,oatm_motion_only,True,5,4,0.8,False,4,2.945319879197264,0.8506198344299765,not_recovered,,controlled_visual,motion_only
c5224b9b_track18_controlled_visual_d5_c0.5,oatm_appearance_only,True,5,4,0.8,False,4,2.945319879197264,0.8506198344299765,not_recovered,,controlled_visual,appearance_only
c5224b9b_track18_controlled_visual_d5_c0.5,oatm_dual,True,5,4,0.8,False,4,2.945319879197264,0.8506198344299765,not_recovered,,controlled_visual,dual
c5224b9b_track18_controlled_visual_d5_c1.0,oatm_motion_only,True,5,5,1.0,True,5,4.806078375756197,0.7747840413956032,same_id,0.0,controlled_visual,motion_only
c5224b9b_track18_controlled_visual_d5_c1.0,oatm_appearance_only,True,5,5,1.0,True,5,4.806078375756197,0.7747840413956032,same_id,0.0,controlled_visual,appearance_only
c5224b9b_track18_controlled_visual_d5_c1.0,oatm_dual,True,5,5,1.0,True,5,4.806078375756197,0.7747840413956032,same_id,0.0,controlled_visual,dual
6f83169d_track21_controlled_visual_d2_c0.5,oatm_motion_only,True,2,2,1.0,True,2,4.156171439693743,0.8544441682370268,same_id,0.0,controlled_visual,motion_only
6f83169d_track21_controlled_visual_d2_c0.5,oatm_appearance_only,True,2,2,1.0,True,2,4.156171439693743,0.8544441682370268,same_id,0.0,controlled_visual,appearance_only
6f83169d_track21_controlled_visual_d2_c0.5,oatm_dual,True,2,2,1.0,True,2,4.156171439693743,0.8544441682370268,same_id,0.0,controlled_visual,dual
6f83169d_track21_controlled_visual_d2_c1.0,oatm_motion_only,True,2,2,1.0,True,2,4.156171439693743,0.8544441682370268,same_id,0.0,controlled_visual,motion_only
6f83169d_track21_controlled_visual_d2_c1.0,oatm_appearance_only,True,2,2,1.0,True,2,4.156171439693743,0.8544441682370268,same_id,0.0,controlled_visual,appearance_only
6f83169d_track21_controlled_visual_d2_c1.0,oatm_dual,True,2,2,1.0,True,2,4.156171439693743,0.8544441682370268,same_id,0.0,controlled_visual,dual
6f83169d_track21_controlled_visual_d5_c0.5,oatm_motion_only,True,5,4,0.8,False,4,6.505846657436599,0.8103317040772829,new_id,6.0,controlled_visual,motion_only
6f83169d_track21_controlled_visual_d5_c0.5,oatm_appearance_only,True,5,4,0.8,False,4,6.505846657436599,0.8103317040772829,new_id,6.0,controlled_visual,appearance_only
6f83169d_track21_controlled_visual_d5_c0.5,oatm_dual,True,5,4,0.8,False,4,6.505846657436599,0.8103317040772829,new_id,6.0,controlled_visual,dual
6f83169d_track21_controlled_visual_d5_c1.0,oatm_motion_only,True,5,1,0.2,False,1,1.3403605019597615,0.9142564916567993,new_id,6.0,controlled_visual,motion_only
6f83169d_track21_controlled_visual_d5_c1.0,oatm_appearance_only,True,5,1,0.2,False,1,1.3403605019597615,0.9142564916567993,new_id,6.0,controlled_visual,appearance_only
6f83169d_track21_controlled_visual_d5_c1.0,oatm_dual,True,5,1,0.2,False,1,1.3403605019597615,0.9142564916567993,new_id,6.0,controlled_visual,dual
