event_id,method_name,target_linked,n_hidden_frames,n_hidden_frames_alive,hidden_frame_coverage,fully_bridged,n_hidden_frames_with_gt,mean_center_error_px,mean_iou,recovery_status,recovery_latency_frames,event_source,duration,coverage
fcbccedd_2ef4b4d2,yolo_only,False,48,0,,,0,,,n/a,,natural,,
fcbccedd_2ef4b4d2,static_memory,False,48,0,,,0,,,n/a,,natural,,
fcbccedd_2ef4b4d2,sort,False,48,0,,,0,,,n/a,,natural,,
fcbccedd_2ef4b4d2,bytetrack,False,48,0,,,0,,,n/a,,natural,,
fcbccedd_2ef4b4d2,oatm_mvp,False,48,0,,,0,,,n/a,,natural,,
6f83169d_f53b4aa3,yolo_only,False,29,0,,,0,,,n/a,,natural,,
6f83169d_f53b4aa3,static_memory,False,29,0,,,0,,,n/a,,natural,,
6f83169d_f53b4aa3,sort,False,29,0,,,0,,,n/a,,natural,,
6f83169d_f53b4aa3,bytetrack,False,29,0,,,0,,,n/a,,natural,,
6f83169d_f53b4aa3,oatm_mvp,False,29,0,,,0,,,n/a,,natural,,
de7d80a1_155047a7,yolo_only,True,25,0,0.0,False,0,,,not_recovered,,natural,,
de7d80a1_155047a7,static_memory,True,25,1,0.04,False,1,24.499640813693514,0.3016390038515002,not_recovered,,natural,,
de7d80a1_155047a7,sort,True,25,1,0.04,False,1,15.448535057817509,0.29623669904118655,not_recovered,,natural,,
de7d80a1_155047a7,bytetrack,True,25,6,0.24,False,1,7.551703863650084,0.4589976972754581,new_id,5.0,natural,,
de7d80a1_155047a7,oatm_mvp,True,25,25,1.0,True,5,40.802373717760304,0.32590660438018204,new_id,5.0,natural,,
fcbccedd_0809d64d,yolo_only,False,24,0,,,0,,,n/a,,natural,,
fcbccedd_0809d64d,static_memory,False,24,0,,,0,,,n/a,,natural,,
fcbccedd_0809d64d,sort,False,24,0,,,0,,,n/a,,natural,,
fcbccedd_0809d64d,bytetrack,False,24,0,,,0,,,n/a,,natural,,
fcbccedd_0809d64d,oatm_mvp,False,24,0,,,0,,,n/a,,natural,,
cc8c0bf5_c4041d38,yolo_only,False,12,0,,,0,,,n/a,,natural,,
cc8c0bf5_c4041d38,static_memory,False,12,0,,,0,,,n/a,,natural,,
cc8c0bf5_c4041d38,sort,False,12,0,,,0,,,n/a,,natural,,
cc8c0bf5_c4041d38,bytetrack,False,12,0,,,0,,,n/a,,natural,,
cc8c0bf5_c4041d38,oatm_mvp,False,12,0,,,0,,,n/a,,natural,,
fcbccedd_045cd82a,yolo_only,True,12,2,0.16666666666666666,False,2,33.270748815286495,0.4564306385519022,detected,5.0,natural,,
fcbccedd_045cd82a,static_memory,True,12,3,0.25,False,1,32.04837359367865,0.4449529919683853,new_id,5.0,natural,,
fcbccedd_045cd82a,sort,True,12,3,0.25,False,1,15.447198839266807,0.5992161898655735,new_id,5.0,natural,,
fcbccedd_045cd82a,bytetrack,True,12,3,0.25,False,1,12.992276610200607,0.5861353546676402,new_id,5.0,natural,,
fcbccedd_045cd82a,oatm_mvp,True,12,12,1.0,True,3,18.717613332150446,0.543784071203269,same_id,5.0,natural,,
6f83169d_track11_detector_intervention_d2_c0.5,yolo_only,False,2,0,,,0,,,n/a,,detector_intervention,2,0.5
6f83169d_track11_detector_intervention_d2_c0.5,static_memory,True,2,2,1.0,True,2,3.234578617934684,0.8490717313935376,new_id,5.0,detector_intervention,2,0.5
6f83169d_track11_detector_intervention_d2_c0.5,sort,True,2,2,1.0,True,2,2.092210809297731,0.8532703134124028,new_id,5.0,detector_intervention,2,0.5
6f83169d_track11_detector_intervention_d2_c0.5,bytetrack,True,2,2,1.0,True,2,0.9313224217343814,0.9345649091247673,same_id,4.0,detector_intervention,2,0.5
6f83169d_track11_detector_intervention_d2_c0.5,oatm_mvp,True,2,2,1.0,True,2,0.9313224217343814,0.9345649091247673,new_id,5.0,detector_intervention,2,0.5
6f83169d_track11_detector_intervention_d2_c1.0,yolo_only,False,2,0,,,0,,,n/a,,detector_intervention,2,1.0
6f83169d_track11_detector_intervention_d2_c1.0,static_memory,True,2,2,1.0,True,2,3.234578617934684,0.8490717313935376,new_id,5.0,detector_intervention,2,1.0
6f83169d_track11_detector_intervention_d2_c1.0,sort,True,2,2,1.0,True,2,2.092210809297731,0.8532703134124028,new_id,5.0,detector_intervention,2,1.0
6f83169d_track11_detector_intervention_d2_c1.0,bytetrack,True,2,2,1.0,True,2,1.9348322109682803,0.8758399339847256,new_id,5.0,detector_intervention,2,1.0
6f83169d_track11_detector_intervention_d2_c1.0,oatm_mvp,True,2,2,1.0,True,2,1.9348322109682803,0.8758399339847256,same_id,4.0,detector_intervention,2,1.0
6f83169d_track11_detector_intervention_d5_c0.5,yolo_only,True,5,0,0.0,False,0,,,detected,0.0,detector_intervention,5,0.5
6f83169d_track11_detector_intervention_d5_c0.5,static_memory,True,5,3,0.6,False,3,2.5904876278524687,0.8723434108705744,not_recovered,,detector_intervention,5,0.5
6f83169d_track11_detector_intervention_d5_c0.5,sort,True,5,3,0.6,False,3,1.4755966197933514,0.8796842235345169,not_recovered,,detector_intervention,5,0.5
6f83169d_track11_detector_intervention_d5_c0.5,bytetrack,True,5,5,1.0,True,5,0.6190763486477058,0.9524454634530011,same_id,0.0,detector_intervention,5,0.5
6f83169d_track11_detector_intervention_d5_c0.5,oatm_mvp,True,5,3,0.6,False,3,0.6557508594624422,0.9450632586453521,not_recovered,,detector_intervention,5,0.5
6f83169d_track11_detector_intervention_d5_c1.0,yolo_only,True,5,0,0.0,False,0,,,detected,0.0,detector_intervention,5,1.0
6f83169d_track11_detector_intervention_d5_c1.0,static_memory,True,5,3,0.6,False,3,2.5904876278524687,0.8723434108705744,not_recovered,,detector_intervention,5,1.0
6f83169d_track11_detector_intervention_d5_c1.0,sort,True,5,3,0.6,False,3,1.4755966197933514,0.8796842235345169,not_recovered,,detector_intervention,5,1.0
6f83169d_track11_detector_intervention_d5_c1.0,bytetrack,True,5,3,0.6,False,3,1.2022509309613525,0.9160160147357667,not_recovered,,detector_intervention,5,1.0
6f83169d_track11_detector_intervention_d5_c1.0,oatm_mvp,True,5,5,1.0,True,5,1.1960073482843445,0.9044081370762347,same_id,0.0,detector_intervention,5,1.0
325cef68_track27_detector_intervention_d2_c0.5,yolo_only,True,2,0,0.0,False,0,,,detected,0.0,detector_intervention,2,0.5
325cef68_track27_detector_intervention_d2_c0.5,static_memory,True,2,2,1.0,True,2,33.537941221941765,0.2459500249771471,new_id,0.0,detector_intervention,2,0.5
325cef68_track27_detector_intervention_d2_c0.5,sort,True,2,2,1.0,True,2,11.14612233975025,0.6694749110513285,same_id,0.0,detector_intervention,2,0.5
325cef68_track27_detector_intervention_d2_c0.5,bytetrack,True,2,2,1.0,True,2,5.224506383750567,0.8149410447107303,same_id,0.0,detector_intervention,2,0.5
325cef68_track27_detector_intervention_d2_c0.5,oatm_mvp,True,2,2,1.0,True,2,5.289416749676413,0.8110105168473127,same_id,0.0,detector_intervention,2,0.5
325cef68_track27_detector_intervention_d2_c1.0,yolo_only,True,2,0,0.0,False,0,,,detected,0.0,detector_intervention,2,1.0
325cef68_track27_detector_intervention_d2_c1.0,static_memory,True,2,2,1.0,True,2,33.537941221941765,0.2459500249771471,new_id,0.0,detector_intervention,2,1.0
325cef68_track27_detector_intervention_d2_c1.0,sort,True,2,2,1.0,True,2,11.14612233975025,0.6694749110513285,same_id,0.0,detector_intervention,2,1.0
325cef68_track27_detector_intervention_d2_c1.0,bytetrack,True,2,2,1.0,True,2,8.549890696076076,0.7204450258338624,same_id,0.0,detector_intervention,2,1.0
325cef68_track27_detector_intervention_d2_c1.0,oatm_mvp,True,2,2,1.0,True,2,8.618878051481184,0.7182245079746161,same_id,0.0,detector_intervention,2,1.0
325cef68_track27_detector_intervention_d5_c0.5,yolo_only,False,5,0,,,0,,,n/a,,detector_intervention,5,0.5
325cef68_track27_detector_intervention_d5_c0.5,static_memory,False,5,0,,,0,,,n/a,,detector_intervention,5,0.5
325cef68_track27_detector_intervention_d5_c0.5,sort,True,5,3,0.6,False,3,18.922541638629998,0.45201341739924894,new_id,0.0,detector_intervention,5,0.5
325cef68_track27_detector_intervention_d5_c0.5,bytetrack,True,5,5,1.0,True,5,5.788596515401185,0.8161894355367909,same_id,0.0,detector_intervention,5,0.5
325cef68_track27_detector_intervention_d5_c0.5,oatm_mvp,True,5,5,1.0,True,5,5.548183749631994,0.8183638183965526,same_id,0.0,detector_intervention,5,0.5
325cef68_track27_detector_intervention_d5_c1.0,yolo_only,False,5,0,,,0,,,n/a,,detector_intervention,5,1.0
325cef68_track27_detector_intervention_d5_c1.0,static_memory,False,5,0,,,0,,,n/a,,detector_intervention,5,1.0
325cef68_track27_detector_intervention_d5_c1.0,sort,True,5,3,0.6,False,3,18.922541638629998,0.45201341739924894,new_id,0.0,detector_intervention,5,1.0
325cef68_track27_detector_intervention_d5_c1.0,bytetrack,True,5,5,1.0,True,5,10.923551407138996,0.6972504355536362,same_id,0.0,detector_intervention,5,1.0
325cef68_track27_detector_intervention_d5_c1.0,oatm_mvp,True,5,5,1.0,True,5,10.956880394737514,0.6937901448474777,same_id,0.0,detector_intervention,5,1.0
de7d80a1_track8_detector_intervention_d2_c0.5,yolo_only,True,2,0,0.0,False,0,,,detected,0.0,detector_intervention,2,0.5
de7d80a1_track8_detector_intervention_d2_c0.5,static_memory,True,2,2,1.0,True,2,4.126760678112921,0.8128091019767643,same_id,0.0,detector_intervention,2,0.5
de7d80a1_track8_detector_intervention_d2_c0.5,sort,True,2,2,1.0,True,2,1.258058260028217,0.7973058349855595,same_id,0.0,detector_intervention,2,0.5
de7d80a1_track8_detector_intervention_d2_c0.5,bytetrack,True,2,2,1.0,True,2,0.7812486927887674,0.8909962192305956,same_id,0.0,detector_intervention,2,0.5
de7d80a1_track8_detector_intervention_d2_c0.5,oatm_mvp,True,2,2,1.0,True,2,0.7812486927887674,0.8909962192305956,same_id,0.0,detector_intervention,2,0.5
de7d80a1_track8_detector_intervention_d2_c1.0,yolo_only,True,2,0,0.0,False,0,,,detected,0.0,detector_intervention,2,1.0
de7d80a1_track8_detector_intervention_d2_c1.0,static_memory,True,2,2,1.0,True,2,4.126760678112921,0.8128091019767643,same_id,0.0,detector_intervention,2,1.0
de7d80a1_track8_detector_intervention_d2_c1.0,sort,True,2,2,1.0,True,2,1.258058260028217,0.7973058349855595,same_id,0.0,detector_intervention,2,1.0
de7d80a1_track8_detector_intervention_d2_c1.0,bytetrack,True,2,2,1.0,True,2,1.258058260028217,0.7973058349855595,same_id,0.0,detector_intervention,2,1.0
de7d80a1_track8_detector_intervention_d2_c1.0,oatm_mvp,True,2,2,1.0,True,2,1.258058260028217,0.7973058349855595,same_id,0.0,detector_intervention,2,1.0
de7d80a1_track8_detector_intervention_d5_c0.5,yolo_only,True,5,0,0.0,False,0,,,detected,0.0,detector_intervention,5,0.5
de7d80a1_track8_detector_intervention_d5_c0.5,static_memory,True,5,5,1.0,True,5,10.38856861484813,0.6526433008919372,new_id,0.0,detector_intervention,5,0.5
de7d80a1_track8_detector_intervention_d5_c0.5,sort,True,5,5,1.0,True,5,4.367012486305084,0.715812039014145,same_id,0.0,detector_intervention,5,0.5
de7d80a1_track8_detector_intervention_d5_c0.5,bytetrack,True,5,5,1.0,True,5,2.2953377166991897,0.8461004698479881,same_id,0.0,detector_intervention,5,0.5
de7d80a1_track8_detector_intervention_d5_c0.5,oatm_mvp,True,5,5,1.0,True,5,2.2953377166991897,0.8461004698479881,same_id,0.0,detector_intervention,5,0.5
de7d80a1_track8_detector_intervention_d5_c1.0,yolo_only,True,5,0,0.0,False,0,,,detected,0.0,detector_intervention,5,1.0
de7d80a1_track8_detector_intervention_d5_c1.0,static_memory,True,5,5,1.0,True,5,10.38856861484813,0.6526433008919372,new_id,0.0,detector_intervention,5,1.0
de7d80a1_track8_detector_intervention_d5_c1.0,sort,True,5,5,1.0,True,5,4.367012486305084,0.715812039014145,same_id,0.0,detector_intervention,5,1.0
de7d80a1_track8_detector_intervention_d5_c1.0,bytetrack,True,5,5,1.0,True,5,3.353417696883514,0.7485201000072126,same_id,0.0,detector_intervention,5,1.0
de7d80a1_track8_detector_intervention_d5_c1.0,oatm_mvp,True,5,1,0.2,False,1,2.164976013494808,0.8508838010703883,new_id,0.0,detector_intervention,5,1.0
cc8c0bf5_track2_detector_intervention_d2_c0.5,yolo_only,False,2,0,,,0,,,n/a,,detector_intervention,2,0.5
cc8c0bf5_track2_detector_intervention_d2_c0.5,static_memory,True,2,2,1.0,True,2,6.5847252579417175,0.6949996514519341,same_id,0.0,detector_intervention,2,0.5
cc8c0bf5_track2_detector_intervention_d2_c0.5,sort,True,2,2,1.0,True,2,0.8714962639967763,0.769587537826884,same_id,0.0,detector_intervention,2,0.5
cc8c0bf5_track2_detector_intervention_d2_c0.5,bytetrack,True,2,2,1.0,True,2,1.1843461177631014,0.7982568946516652,same_id,0.0,detector_intervention,2,0.5
cc8c0bf5_track2_detector_intervention_d2_c0.5,oatm_mvp,True,2,2,1.0,True,2,1.1843461177631014,0.7982568946516652,same_id,0.0,detector_intervention,2,0.5
cc8c0bf5_track2_detector_intervention_d2_c1.0,yolo_only,False,2,0,,,0,,,n/a,,detector_intervention,2,1.0
cc8c0bf5_track2_detector_intervention_d2_c1.0,static_memory,True,2,2,1.0,True,2,6.5847252579417175,0.6949996514519341,same_id,0.0,detector_intervention,2,1.0
cc8c0bf5_track2_detector_intervention_d2_c1.0,sort,True,2,2,1.0,True,2,0.8714962639967763,0.769587537826884,same_id,0.0,detector_intervention,2,1.0
cc8c0bf5_track2_detector_intervention_d2_c1.0,bytetrack,True,2,2,1.0,True,2,2.6393156943046643,0.77511107364876,same_id,0.0,detector_intervention,2,1.0
cc8c0bf5_track2_detector_intervention_d2_c1.0,oatm_mvp,True,2,2,1.0,True,2,2.6393156943046643,0.77511107364876,same_id,0.0,detector_intervention,2,1.0
cc8c0bf5_track2_detector_intervention_d5_c0.5,yolo_only,True,5,0,0.0,False,0,,,detected,1.0,detector_intervention,5,0.5
cc8c0bf5_track2_detector_intervention_d5_c0.5,static_memory,True,5,5,1.0,True,5,8.848983331260712,0.6573706434644047,new_id,2.0,detector_intervention,5,0.5
cc8c0bf5_track2_detector_intervention_d5_c0.5,sort,True,5,5,1.0,True,5,1.377303908205368,0.7990828516722394,new_id,2.0,detector_intervention,5,0.5
cc8c0bf5_track2_detector_intervention_d5_c0.5,bytetrack,True,5,5,1.0,True,5,0.9486146196833554,0.8515593136097312,same_id,0.0,detector_intervention,5,0.5
cc8c0bf5_track2_detector_intervention_d5_c0.5,oatm_mvp,True,5,5,1.0,True,5,0.9486146196833554,0.8515593136097312,same_id,0.0,detector_intervention,5,0.5
cc8c0bf5_track2_detector_intervention_d5_c1.0,yolo_only,True,5,0,0.0,False,0,,,detected,1.0,detector_intervention,5,1.0
cc8c0bf5_track2_detector_intervention_d5_c1.0,static_memory,True,5,5,1.0,True,5,8.848983331260712,0.6573706434644047,new_id,2.0,detector_intervention,5,1.0
cc8c0bf5_track2_detector_intervention_d5_c1.0,sort,True,5,5,1.0,True,5,1.377303908205368,0.7990828516722394,new_id,2.0,detector_intervention,5,1.0
cc8c0bf5_track2_detector_intervention_d5_c1.0,bytetrack,True,5,5,1.0,True,5,2.318341438489071,0.806962409002411,same_id,0.0,detector_intervention,5,1.0
cc8c0bf5_track2_detector_intervention_d5_c1.0,oatm_mvp,True,5,5,1.0,True,5,2.318341438489071,0.806962409002411,same_id,0.0,detector_intervention,5,1.0
c5224b9b_track18_detector_intervention_d2_c0.5,yolo_only,False,2,0,,,0,,,n/a,,detector_intervention,2,0.5
c5224b9b_track18_detector_intervention_d2_c0.5,static_memory,False,2,0,,,0,,,n/a,,detector_intervention,2,0.5
c5224b9b_track18_detector_intervention_d2_c0.5,sort,False,2,0,,,0,,,n/a,,detector_intervention,2,0.5
c5224b9b_track18_detector_intervention_d2_c0.5,bytetrack,True,2,2,1.0,True,2,1.8703311315702056,0.8898937174361365,same_id,0.0,detector_intervention,2,0.5
c5224b9b_track18_detector_intervention_d2_c0.5,oatm_mvp,True,2,2,1.0,True,2,1.8703311315702056,0.8898937174361365,same_id,0.0,detector_intervention,2,0.5
c5224b9b_track18_detector_intervention_d2_c1.0,yolo_only,False,2,0,,,0,,,n/a,,detector_intervention,2,1.0
c5224b9b_track18_detector_intervention_d2_c1.0,static_memory,False,2,0,,,0,,,n/a,,detector_intervention,2,1.0
c5224b9b_track18_detector_intervention_d2_c1.0,sort,False,2,0,,,0,,,n/a,,detector_intervention,2,1.0
c5224b9b_track18_detector_intervention_d2_c1.0,bytetrack,True,2,2,1.0,True,2,2.7778574426028957,0.8506232348584476,same_id,0.0,detector_intervention,2,1.0
c5224b9b_track18_detector_intervention_d2_c1.0,oatm_mvp,True,2,2,1.0,True,2,2.7778574426028957,0.8506232348584476,same_id,0.0,detector_intervention,2,1.0
c5224b9b_track18_detector_intervention_d5_c0.5,yolo_only,False,5,0,,,0,,,n/a,,detector_intervention,5,0.5
c5224b9b_track18_detector_intervention_d5_c0.5,static_memory,False,5,0,,,0,,,n/a,,detector_intervention,5,0.5
c5224b9b_track18_detector_intervention_d5_c0.5,sort,False,5,0,,,0,,,n/a,,detector_intervention,5,0.5
c5224b9b_track18_detector_intervention_d5_c0.5,bytetrack,True,5,5,1.0,True,5,2.3829530581201963,0.868115846358468,same_id,0.0,detector_intervention,5,0.5
c5224b9b_track18_detector_intervention_d5_c0.5,oatm_mvp,True,5,5,1.0,True,5,2.3829530581201963,0.868115846358468,same_id,0.0,detector_intervention,5,0.5
c5224b9b_track18_detector_intervention_d5_c1.0,yolo_only,False,5,0,,,0,,,n/a,,detector_intervention,5,1.0
c5224b9b_track18_detector_intervention_d5_c1.0,static_memory,False,5,0,,,0,,,n/a,,detector_intervention,5,1.0
c5224b9b_track18_detector_intervention_d5_c1.0,sort,False,5,0,,,0,,,n/a,,detector_intervention,5,1.0
c5224b9b_track18_detector_intervention_d5_c1.0,bytetrack,True,5,5,1.0,True,5,3.0421693908460616,0.8428625182001415,same_id,0.0,detector_intervention,5,1.0
c5224b9b_track18_detector_intervention_d5_c1.0,oatm_mvp,True,5,5,1.0,True,5,3.0421693908460616,0.8428625182001415,same_id,0.0,detector_intervention,5,1.0
6f83169d_track21_detector_intervention_d2_c0.5,yolo_only,True,2,0,0.0,False,0,,,detected,0.0,detector_intervention,2,0.5
6f83169d_track21_detector_intervention_d2_c0.5,static_memory,True,2,2,1.0,True,2,1.6479341670808734,0.945633261640082,same_id,0.0,detector_intervention,2,0.5
6f83169d_track21_detector_intervention_d2_c0.5,sort,True,2,2,1.0,True,2,4.2062444794847815,0.8419321605674308,same_id,0.0,detector_intervention,2,0.5
6f83169d_track21_detector_intervention_d2_c0.5,bytetrack,True,2,2,1.0,True,2,2.6456001291906652,0.8874511060040859,same_id,0.0,detector_intervention,2,0.5
6f83169d_track21_detector_intervention_d2_c0.5,oatm_mvp,True,2,2,1.0,True,2,2.6456001291906652,0.8874511060040859,same_id,0.0,detector_intervention,2,0.5
6f83169d_track21_detector_intervention_d2_c1.0,yolo_only,True,2,0,0.0,False,0,,,detected,0.0,detector_intervention,2,1.0
6f83169d_track21_detector_intervention_d2_c1.0,static_memory,True,2,2,1.0,True,2,1.6479341670808734,0.945633261640082,same_id,0.0,detector_intervention,2,1.0
6f83169d_track21_detector_intervention_d2_c1.0,sort,True,2,2,1.0,True,2,4.2062444794847815,0.8419321605674308,same_id,0.0,detector_intervention,2,1.0
6f83169d_track21_detector_intervention_d2_c1.0,bytetrack,True,2,2,1.0,True,2,4.156171439693743,0.8544441682370268,same_id,0.0,detector_intervention,2,1.0
6f83169d_track21_detector_intervention_d2_c1.0,oatm_mvp,True,2,2,1.0,True,2,4.156171439693743,0.8544441682370268,same_id,0.0,detector_intervention,2,1.0
6f83169d_track21_detector_intervention_d5_c0.5,yolo_only,True,5,0,0.0,False,0,,,detected,5.0,detector_intervention,5,0.5
6f83169d_track21_detector_intervention_d5_c0.5,static_memory,True,5,5,1.0,True,5,5.736471142410837,0.8338941263186456,new_id,6.0,detector_intervention,5,0.5
6f83169d_track21_detector_intervention_d5_c0.5,sort,True,5,5,1.0,True,5,9.70539165363319,0.7329327109603009,new_id,6.0,detector_intervention,5,0.5
6f83169d_track21_detector_intervention_d5_c0.5,bytetrack,True,5,5,1.0,True,5,4.941667609150418,0.8235442863251411,same_id,0.0,detector_intervention,5,0.5
6f83169d_track21_detector_intervention_d5_c0.5,oatm_mvp,True,5,5,1.0,True,5,4.941667609150418,0.8235442863251411,same_id,0.0,detector_intervention,5,0.5
6f83169d_track21_detector_intervention_d5_c1.0,yolo_only,True,5,0,0.0,False,0,,,detected,5.0,detector_intervention,5,1.0
6f83169d_track21_detector_intervention_d5_c1.0,static_memory,True,5,5,1.0,True,5,5.736471142410837,0.8338941263186456,new_id,6.0,detector_intervention,5,1.0
6f83169d_track21_detector_intervention_d5_c1.0,sort,True,5,5,1.0,True,5,9.70539165363319,0.7329327109603009,new_id,6.0,detector_intervention,5,1.0
6f83169d_track21_detector_intervention_d5_c1.0,bytetrack,True,5,5,1.0,True,5,9.600177500808654,0.7460023496245085,new_id,6.0,detector_intervention,5,1.0
6f83169d_track21_detector_intervention_d5_c1.0,oatm_mvp,True,5,1,0.2,False,1,1.3403605019597615,0.9142564916567993,new_id,6.0,detector_intervention,5,1.0
6f83169d_track11_controlled_visual_d2_c0.5,yolo_only,False,2,0,,,0,,,n/a,,controlled_visual,2,0.5
6f83169d_track11_controlled_visual_d2_c0.5,static_memory,True,2,2,1.0,True,2,3.234578617934684,0.8490717313935376,new_id,5.0,controlled_visual,2,0.5
6f83169d_track11_controlled_visual_d2_c0.5,sort,True,2,2,1.0,True,2,2.092210809297731,0.8532703134124028,new_id,5.0,controlled_visual,2,0.5
6f83169d_track11_controlled_visual_d2_c0.5,bytetrack,True,2,2,1.0,True,2,1.3939985993655715,0.9119733818242699,same_id,4.0,controlled_visual,2,0.5
6f83169d_track11_controlled_visual_d2_c0.5,oatm_mvp,True,2,2,1.0,True,2,1.3939985993655715,0.9119733818242699,same_id,4.0,controlled_visual,2,0.5
6f83169d_track11_controlled_visual_d2_c1.0,yolo_only,False,2,0,,,0,,,n/a,,controlled_visual,2,1.0
6f83169d_track11_controlled_visual_d2_c1.0,static_memory,True,2,2,1.0,True,2,3.234578617934684,0.8490717313935376,new_id,5.0,controlled_visual,2,1.0
6f83169d_track11_controlled_visual_d2_c1.0,sort,True,2,2,1.0,True,2,2.092210809297731,0.8532703134124028,new_id,5.0,controlled_visual,2,1.0
6f83169d_track11_controlled_visual_d2_c1.0,bytetrack,True,2,2,1.0,True,2,1.9348322109682803,0.8758399339847256,new_id,5.0,controlled_visual,2,1.0
6f83169d_track11_controlled_visual_d2_c1.0,oatm_mvp,True,2,2,1.0,True,2,1.9348322109682803,0.8758399339847256,same_id,4.0,controlled_visual,2,1.0
6f83169d_track11_controlled_visual_d5_c0.5,yolo_only,True,5,0,0.0,False,0,,,detected,0.0,controlled_visual,5,0.5
6f83169d_track11_controlled_visual_d5_c0.5,static_memory,True,5,3,0.6,False,3,2.5904876278524687,0.8723434108705744,not_recovered,,controlled_visual,5,0.5
6f83169d_track11_controlled_visual_d5_c0.5,sort,True,5,3,0.6,False,3,1.4755966197933514,0.8796842235345169,not_recovered,,controlled_visual,5,0.5
6f83169d_track11_controlled_visual_d5_c0.5,bytetrack,True,5,5,1.0,True,5,0.7989631182638443,0.8729402657793539,same_id,0.0,controlled_visual,5,0.5
6f83169d_track11_controlled_visual_d5_c0.5,oatm_mvp,True,5,5,1.0,True,5,0.7989631182638443,0.8729402657793539,same_id,0.0,controlled_visual,5,0.5
6f83169d_track11_controlled_visual_d5_c1.0,yolo_only,True,5,0,0.0,False,0,,,detected,0.0,controlled_visual,5,1.0
6f83169d_track11_controlled_visual_d5_c1.0,static_memory,True,5,3,0.6,False,3,2.5904876278524687,0.8723434108705744,not_recovered,,controlled_visual,5,1.0
6f83169d_track11_controlled_visual_d5_c1.0,sort,True,5,3,0.6,False,3,1.4755966197933514,0.8796842235345169,not_recovered,,controlled_visual,5,1.0
6f83169d_track11_controlled_visual_d5_c1.0,bytetrack,True,5,3,0.6,False,3,1.4755966197933514,0.8796842235345169,not_recovered,,controlled_visual,5,1.0
6f83169d_track11_controlled_visual_d5_c1.0,oatm_mvp,True,5,1,0.2,False,1,0.24236824078459196,0.9325120437787452,not_recovered,,controlled_visual,5,1.0
325cef68_track27_controlled_visual_d2_c0.5,yolo_only,True,2,1,0.5,False,1,2.245869390653667,0.8876709442699986,detected,0.0,controlled_visual,2,0.5
325cef68_track27_controlled_visual_d2_c0.5,static_memory,True,2,2,1.0,True,2,7.5796086072347455,0.7487588384982011,new_id,0.0,controlled_visual,2,0.5
325cef68_track27_controlled_visual_d2_c0.5,sort,True,2,2,1.0,True,2,4.890372359228487,0.825592485234216,same_id,0.0,controlled_visual,2,0.5
325cef68_track27_controlled_visual_d2_c0.5,bytetrack,True,2,2,1.0,True,2,4.612898737598043,0.82904061569199,same_id,0.0,controlled_visual,2,0.5
325cef68_track27_controlled_visual_d2_c0.5,oatm_mvp,True,2,2,1.0,True,2,4.7269195072010675,0.8243981164611092,same_id,0.0,controlled_visual,2,0.5
325cef68_track27_controlled_visual_d2_c1.0,yolo_only,True,2,0,0.0,False,0,,,detected,0.0,controlled_visual,2,1.0
325cef68_track27_controlled_visual_d2_c1.0,static_memory,True,2,2,1.0,True,2,33.537941221941765,0.2459500249771471,new_id,0.0,controlled_visual,2,1.0
325cef68_track27_controlled_visual_d2_c1.0,sort,True,2,2,1.0,True,2,11.14612233975025,0.6694749110513285,same_id,0.0,controlled_visual,2,1.0
325cef68_track27_controlled_visual_d2_c1.0,bytetrack,True,2,2,1.0,True,2,11.283767275841614,0.6456550705696764,same_id,0.0,controlled_visual,2,1.0
325cef68_track27_controlled_visual_d2_c1.0,oatm_mvp,True,2,2,1.0,True,2,11.425098148331713,0.6428238270768537,same_id,0.0,controlled_visual,2,1.0
325cef68_track27_controlled_visual_d5_c0.5,yolo_only,False,5,0,,,0,,,n/a,,controlled_visual,5,0.5
325cef68_track27_controlled_visual_d5_c0.5,static_memory,False,5,0,,,0,,,n/a,,controlled_visual,5,0.5
325cef68_track27_controlled_visual_d5_c0.5,sort,True,5,3,0.6,False,3,18.922541638629998,0.45201341739924894,new_id,0.0,controlled_visual,5,0.5
325cef68_track27_controlled_visual_d5_c0.5,bytetrack,True,5,5,1.0,True,5,17.828648572355767,0.50663867089176,same_id,0.0,controlled_visual,5,0.5
325cef68_track27_controlled_visual_d5_c0.5,oatm_mvp,True,5,5,1.0,True,5,18.36111471389284,0.49815934977797405,same_id,0.0,controlled_visual,5,0.5
325cef68_track27_controlled_visual_d5_c1.0,yolo_only,False,5,0,,,0,,,n/a,,controlled_visual,5,1.0
325cef68_track27_controlled_visual_d5_c1.0,static_memory,False,5,0,,,0,,,n/a,,controlled_visual,5,1.0
325cef68_track27_controlled_visual_d5_c1.0,sort,True,5,3,0.6,False,3,18.922541638629998,0.45201341739924894,new_id,0.0,controlled_visual,5,1.0
325cef68_track27_controlled_visual_d5_c1.0,bytetrack,True,5,5,1.0,True,5,17.828648572355767,0.50663867089176,new_id,0.0,controlled_visual,5,1.0
325cef68_track27_controlled_visual_d5_c1.0,oatm_mvp,True,5,5,1.0,True,5,18.36111471389284,0.49815934977797405,same_id,0.0,controlled_visual,5,1.0
de7d80a1_track8_controlled_visual_d2_c0.5,yolo_only,True,2,0,0.0,False,0,,,detected,0.0,controlled_visual,2,0.5
de7d80a1_track8_controlled_visual_d2_c0.5,static_memory,True,2,2,1.0,True,2,4.126760678112921,0.8128091019767643,same_id,0.0,controlled_visual,2,0.5
de7d80a1_track8_controlled_visual_d2_c0.5,sort,True,2,2,1.0,True,2,1.258058260028217,0.7973058349855595,same_id,0.0,controlled_visual,2,0.5
de7d80a1_track8_controlled_visual_d2_c0.5,bytetrack,True,2,2,1.0,True,2,1.1216619721607979,0.7827244636778787,same_id,0.0,controlled_visual,2,0.5
de7d80a1_track8_controlled_visual_d2_c0.5,oatm_mvp,True,2,2,1.0,True,2,1.1216619721607979,0.7827244636778787,same_id,0.0,controlled_visual,2,0.5
de7d80a1_track8_controlled_visual_d2_c1.0,yolo_only,True,2,0,0.0,False,0,,,detected,0.0,controlled_visual,2,1.0
de7d80a1_track8_controlled_visual_d2_c1.0,static_memory,True,2,2,1.0,True,2,4.126760678112921,0.8128091019767643,same_id,0.0,controlled_visual,2,1.0
de7d80a1_track8_controlled_visual_d2_c1.0,sort,True,2,2,1.0,True,2,1.258058260028217,0.7973058349855595,same_id,0.0,controlled_visual,2,1.0
de7d80a1_track8_controlled_visual_d2_c1.0,bytetrack,True,2,2,1.0,True,2,1.258058260028217,0.7973058349855595,same_id,0.0,controlled_visual,2,1.0
de7d80a1_track8_controlled_visual_d2_c1.0,oatm_mvp,True,2,2,1.0,True,2,1.258058260028217,0.7973058349855595,same_id,0.0,controlled_visual,2,1.0
de7d80a1_track8_controlled_visual_d5_c0.5,yolo_only,True,5,3,0.6,False,3,1.1291961392038656,0.7975167581398029,detected,0.0,controlled_visual,5,0.5
de7d80a1_track8_controlled_visual_d5_c0.5,static_memory,True,5,5,1.0,True,5,3.0331969523158437,0.7579314321024556,same_id,0.0,controlled_visual,5,0.5
de7d80a1_track8_controlled_visual_d5_c0.5,sort,True,5,5,1.0,True,5,3.201448503161326,0.7324467788990784,same_id,0.0,controlled_visual,5,0.5
de7d80a1_track8_controlled_visual_d5_c0.5,bytetrack,True,5,5,1.0,True,5,2.610465100387597,0.7483291087795274,same_id,0.0,controlled_visual,5,0.5
de7d80a1_track8_controlled_visual_d5_c0.5,oatm_mvp,True,5,5,1.0,True,5,2.610465100387597,0.7483291087795274,same_id,0.0,controlled_visual,5,0.5
de7d80a1_track8_controlled_visual_d5_c1.0,yolo_only,True,5,0,0.0,False,0,,,detected,0.0,controlled_visual,5,1.0
de7d80a1_track8_controlled_visual_d5_c1.0,static_memory,True,5,5,1.0,True,5,10.38856861484813,0.6526433008919372,new_id,0.0,controlled_visual,5,1.0
de7d80a1_track8_controlled_visual_d5_c1.0,sort,True,5,5,1.0,True,5,4.367012486305084,0.715812039014145,same_id,0.0,controlled_visual,5,1.0
de7d80a1_track8_controlled_visual_d5_c1.0,bytetrack,True,5,5,1.0,True,5,4.367012486305084,0.715812039014145,same_id,0.0,controlled_visual,5,1.0
de7d80a1_track8_controlled_visual_d5_c1.0,oatm_mvp,True,5,1,0.2,False,1,2.164976013494808,0.8508838010703883,new_id,0.0,controlled_visual,5,1.0
cc8c0bf5_track2_controlled_visual_d2_c0.5,yolo_only,False,2,0,,,0,,,n/a,,controlled_visual,2,0.5
cc8c0bf5_track2_controlled_visual_d2_c0.5,static_memory,True,2,2,1.0,True,2,3.3579101745734095,0.8159917031047876,same_id,0.0,controlled_visual,2,0.5
cc8c0bf5_track2_controlled_visual_d2_c0.5,sort,True,2,2,1.0,True,2,1.1003736308980834,0.8077761128060859,same_id,0.0,controlled_visual,2,0.5
cc8c0bf5_track2_controlled_visual_d2_c0.5,bytetrack,True,2,2,1.0,True,2,1.8577287469478092,0.8107037092391576,same_id,0.0,controlled_visual,2,0.5
cc8c0bf5_track2_controlled_visual_d2_c0.5,oatm_mvp,True,2,2,1.0,True,2,1.8577287469478092,0.8107037092391576,same_id,0.0,controlled_visual,2,0.5
cc8c0bf5_track2_controlled_visual_d2_c1.0,yolo_only,False,2,0,,,0,,,n/a,,controlled_visual,2,1.0
cc8c0bf5_track2_controlled_visual_d2_c1.0,static_memory,True,2,2,1.0,True,2,6.5847252579417175,0.6949996514519341,same_id,0.0,controlled_visual,2,1.0
cc8c0bf5_track2_controlled_visual_d2_c1.0,sort,True,2,2,1.0,True,2,0.8714962639967763,0.769587537826884,same_id,0.0,controlled_visual,2,1.0
cc8c0bf5_track2_controlled_visual_d2_c1.0,bytetrack,True,2,2,1.0,True,2,2.011126932509585,0.732917605321727,same_id,0.0,controlled_visual,2,1.0
cc8c0bf5_track2_controlled_visual_d2_c1.0,oatm_mvp,True,2,2,1.0,True,2,2.011126932509585,0.732917605321727,same_id,0.0,controlled_visual,2,1.0
cc8c0bf5_track2_controlled_visual_d5_c0.5,yolo_only,True,5,0,0.0,False,0,,,detected,1.0,controlled_visual,5,0.5
cc8c0bf5_track2_controlled_visual_d5_c0.5,static_memory,True,5,5,1.0,True,5,8.848983331260712,0.6573706434644047,new_id,2.0,controlled_visual,5,0.5
cc8c0bf5_track2_controlled_visual_d5_c0.5,sort,True,5,5,1.0,True,5,1.377303908205368,0.7990828516722394,new_id,2.0,controlled_visual,5,0.5
cc8c0bf5_track2_controlled_visual_d5_c0.5,bytetrack,True,5,5,1.0,True,5,1.3770400002623857,0.8605326331300697,same_id,0.0,controlled_visual,5,0.5
cc8c0bf5_track2_controlled_visual_d5_c0.5,oatm_mvp,True,5,5,1.0,True,5,1.3770400002623857,0.8605326331300697,same_id,0.0,controlled_visual,5,0.5
cc8c0bf5_track2_controlled_visual_d5_c1.0,yolo_only,True,5,0,0.0,False,0,,,detected,1.0,controlled_visual,5,1.0
cc8c0bf5_track2_controlled_visual_d5_c1.0,static_memory,True,5,5,1.0,True,5,8.848983331260712,0.6573706434644047,new_id,2.0,controlled_visual,5,1.0
cc8c0bf5_track2_controlled_visual_d5_c1.0,sort,True,5,5,1.0,True,5,1.377303908205368,0.7990828516722394,new_id,2.0,controlled_visual,5,1.0
cc8c0bf5_track2_controlled_visual_d5_c1.0,bytetrack,True,5,5,1.0,True,5,2.1956676175933554,0.8585326890332949,same_id,0.0,controlled_visual,5,1.0
cc8c0bf5_track2_controlled_visual_d5_c1.0,oatm_mvp,True,5,5,1.0,True,5,2.1956676175933554,0.8585326890332949,same_id,0.0,controlled_visual,5,1.0
c5224b9b_track18_controlled_visual_d2_c0.5,yolo_only,False,2,0,,,0,,,n/a,,controlled_visual,2,0.5
c5224b9b_track18_controlled_visual_d2_c0.5,static_memory,False,2,0,,,0,,,n/a,,controlled_visual,2,0.5
c5224b9b_track18_controlled_visual_d2_c0.5,sort,False,2,0,,,0,,,n/a,,controlled_visual,2,0.5
c5224b9b_track18_controlled_visual_d2_c0.5,bytetrack,True,2,2,1.0,True,2,2.7778574426028957,0.8506232348584476,same_id,0.0,controlled_visual,2,0.5
c5224b9b_track18_controlled_visual_d2_c0.5,oatm_mvp,True,2,2,1.0,True,2,2.7778574426028957,0.8506232348584476,same_id,0.0,controlled_visual,2,0.5
c5224b9b_track18_controlled_visual_d2_c1.0,yolo_only,False,2,0,,,0,,,n/a,,controlled_visual,2,1.0
c5224b9b_track18_controlled_visual_d2_c1.0,static_memory,False,2,0,,,0,,,n/a,,controlled_visual,2,1.0
c5224b9b_track18_controlled_visual_d2_c1.0,sort,False,2,0,,,0,,,n/a,,controlled_visual,2,1.0
c5224b9b_track18_controlled_visual_d2_c1.0,bytetrack,True,2,2,1.0,True,2,2.7778574426028957,0.8506232348584476,same_id,0.0,controlled_visual,2,1.0
c5224b9b_track18_controlled_visual_d2_c1.0,oatm_mvp,True,2,1,0.5,False,1,1.7886397037347883,0.8835409857276627,not_recovered,,controlled_visual,2,1.0
c5224b9b_track18_controlled_visual_d5_c0.5,yolo_only,False,5,0,,,0,,,n/a,,controlled_visual,5,0.5
c5224b9b_track18_controlled_visual_d5_c0.5,static_memory,False,5,0,,,0,,,n/a,,controlled_visual,5,0.5
c5224b9b_track18_controlled_visual_d5_c0.5,sort,False,5,0,,,0,,,n/a,,controlled_visual,5,0.5
c5224b9b_track18_controlled_visual_d5_c0.5,bytetrack,True,5,5,1.0,True,5,3.4688094447671554,0.8297755404850706,same_id,0.0,controlled_visual,5,0.5
c5224b9b_track18_controlled_visual_d5_c0.5,oatm_mvp,True,5,4,0.8,False,4,2.945319879197264,0.8506198344299765,not_recovered,,controlled_visual,5,0.5
c5224b9b_track18_controlled_visual_d5_c1.0,yolo_only,False,5,0,,,0,,,n/a,,controlled_visual,5,1.0
c5224b9b_track18_controlled_visual_d5_c1.0,static_memory,False,5,0,,,0,,,n/a,,controlled_visual,5,1.0
c5224b9b_track18_controlled_visual_d5_c1.0,sort,False,5,0,,,0,,,n/a,,controlled_visual,5,1.0
c5224b9b_track18_controlled_visual_d5_c1.0,bytetrack,True,5,5,1.0,True,5,4.806078375756197,0.7747840413956032,same_id,0.0,controlled_visual,5,1.0
c5224b9b_track18_controlled_visual_d5_c1.0,oatm_mvp,True,5,5,1.0,True,5,4.806078375756197,0.7747840413956032,same_id,0.0,controlled_visual,5,1.0
6f83169d_track21_controlled_visual_d2_c0.5,yolo_only,True,2,0,0.0,False,0,,,detected,0.0,controlled_visual,2,0.5
6f83169d_track21_controlled_visual_d2_c0.5,static_memory,True,2,2,1.0,True,2,1.6479341670808734,0.945633261640082,same_id,0.0,controlled_visual,2,0.5
6f83169d_track21_controlled_visual_d2_c0.5,sort,True,2,2,1.0,True,2,4.2062444794847815,0.8419321605674308,same_id,0.0,controlled_visual,2,0.5
6f83169d_track21_controlled_visual_d2_c0.5,bytetrack,True,2,2,1.0,True,2,4.156171439693743,0.8544441682370268,same_id,0.0,controlled_visual,2,0.5
6f83169d_track21_controlled_visual_d2_c0.5,oatm_mvp,True,2,2,1.0,True,2,4.156171439693743,0.8544441682370268,same_id,0.0,controlled_visual,2,0.5
6f83169d_track21_controlled_visual_d2_c1.0,yolo_only,True,2,0,0.0,False,0,,,detected,0.0,controlled_visual,2,1.0
6f83169d_track21_controlled_visual_d2_c1.0,static_memory,True,2,2,1.0,True,2,1.6479341670808734,0.945633261640082,same_id,0.0,controlled_visual,2,1.0
6f83169d_track21_controlled_visual_d2_c1.0,sort,True,2,2,1.0,True,2,4.2062444794847815,0.8419321605674308,same_id,0.0,controlled_visual,2,1.0
6f83169d_track21_controlled_visual_d2_c1.0,bytetrack,True,2,2,1.0,True,2,4.156171439693743,0.8544441682370268,same_id,0.0,controlled_visual,2,1.0
6f83169d_track21_controlled_visual_d2_c1.0,oatm_mvp,True,2,2,1.0,True,2,4.156171439693743,0.8544441682370268,same_id,0.0,controlled_visual,2,1.0
6f83169d_track21_controlled_visual_d5_c0.5,yolo_only,True,5,0,0.0,False,0,,,detected,5.0,controlled_visual,5,0.5
6f83169d_track21_controlled_visual_d5_c0.5,static_memory,True,5,5,1.0,True,5,5.736471142410837,0.8338941263186456,new_id,6.0,controlled_visual,5,0.5
6f83169d_track21_controlled_visual_d5_c0.5,sort,True,5,5,1.0,True,5,9.70539165363319,0.7329327109603009,new_id,6.0,controlled_visual,5,0.5
6f83169d_track21_controlled_visual_d5_c0.5,bytetrack,True,5,5,1.0,True,5,9.600177500808654,0.7460023496245085,new_id,6.0,controlled_visual,5,0.5
6f83169d_track21_controlled_visual_d5_c0.5,oatm_mvp,True,5,4,0.8,False,4,6.505846657436599,0.8103317040772829,new_id,6.0,controlled_visual,5,0.5
6f83169d_track21_controlled_visual_d5_c1.0,yolo_only,True,5,0,0.0,False,0,,,detected,5.0,controlled_visual,5,1.0
6f83169d_track21_controlled_visual_d5_c1.0,static_memory,True,5,5,1.0,True,5,5.736471142410837,0.8338941263186456,new_id,6.0,controlled_visual,5,1.0
6f83169d_track21_controlled_visual_d5_c1.0,sort,True,5,5,1.0,True,5,9.70539165363319,0.7329327109603009,new_id,6.0,controlled_visual,5,1.0
6f83169d_track21_controlled_visual_d5_c1.0,bytetrack,True,5,5,1.0,True,5,9.600177500808654,0.7460023496245085,new_id,6.0,controlled_visual,5,1.0
6f83169d_track21_controlled_visual_d5_c1.0,oatm_mvp,True,5,1,0.2,False,1,1.3403605019597615,0.9142564916567993,new_id,6.0,controlled_visual,5,1.0
