clip_name,frame_number,sample_data_token,scene_token,scene_name,timestamp,time_since_prev_s,original_image_path,experiment_image_path,is_keyframe,anchor_sample,reused_from_assignment,image_sha256
clip_sample_001,1,28a10a4d6be847fea8e5dc6bb1411413,fcbccedd61424f1b85dcbf8f897f9754,scene-0103,1533151610362404,0.0,sweeps/CAM_FRONT/n008-2018-08-01-15-16-36-0400__CAM_FRONT__1533151610362404.jpg,results/clips/clip_sample_001/frame_001.jpg,False,sample_001,assignment_03,26e2a3f5496f606879537d026cf2866b8977fc9ccb421762b3f9ea47e84a51dc
clip_sample_001,2,562a992ab3724ba1873439cb5aa79c5f,fcbccedd61424f1b85dcbf8f897f9754,scene-0103,1533151610412404,0.05,samples/CAM_FRONT/n008-2018-08-01-15-16-36-0400__CAM_FRONT__1533151610412404.jpg,results/clips/clip_sample_001/frame_002.jpg,True,sample_001,assignment_03,90f7d983bc7edae9684b4d2b2445e340bc785020fa863c2ccf905d77fa306774
clip_sample_001,3,b14b6549131e4cdeb4ae4b9d473e45e4,fcbccedd61424f1b85dcbf8f897f9754,scene-0103,1533151610512404,0.1,sweeps/CAM_FRONT/n008-2018-08-01-15-16-36-0400__CAM_FRONT__1533151610512404.jpg,results/clips/clip_sample_001/frame_003.jpg,False,sample_001,assignment_03,1fddf73fdea1f66e41ac1a1585cfe7eb3c4c79489d07dd752032c780633f6b30
clip_sample_001,4,0b022c668a4e448c84f9312be61c7f27,fcbccedd61424f1b85dcbf8f897f9754,scene-0103,1533151610612404,0.1,sweeps/CAM_FRONT/n008-2018-08-01-15-16-36-0400__CAM_FRONT__1533151610612404.jpg,results/clips/clip_sample_001/frame_004.jpg,False,sample_001,assignment_03,1c3ac9759a81c6e9fde3ff76b0b095d206c47dcb895fc063b3463538391bd88c
clip_sample_001,5,7c97c17234bf4dacaaa68871207fb978,fcbccedd61424f1b85dcbf8f897f9754,scene-0103,1533151610662404,0.05,sweeps/CAM_FRONT/n008-2018-08-01-15-16-36-0400__CAM_FRONT__1533151610662404.jpg,results/clips/clip_sample_001/frame_005.jpg,False,sample_001,assignment_03,5d6d0234c0bb949b19466ab663694b217369ce9df44d7031b01b6bac9a91d01a
clip_sample_001,6,cbe95c955f944452a8787cad474c3703,fcbccedd61424f1b85dcbf8f897f9754,scene-0103,1533151610762404,0.1,sweeps/CAM_FRONT/n008-2018-08-01-15-16-36-0400__CAM_FRONT__1533151610762404.jpg,results/clips/clip_sample_001/frame_006.jpg,False,sample_001,assignment_03,e45934fe56daa7156edf43315452ee20356a35617c4da98c4e386019497fae33
clip_sample_001,7,34e49cbc025e4148a926fb9bfcdee716,fcbccedd61424f1b85dcbf8f897f9754,scene-0103,1533151610862404,0.1,sweeps/CAM_FRONT/n008-2018-08-01-15-16-36-0400__CAM_FRONT__1533151610862404.jpg,results/clips/clip_sample_001/frame_007.jpg,False,sample_001,assignment_03,561cef011ef66e1ad69617b4649cf6baedb5593cb5551a35b49fec876cd612ca
clip_sample_001,8,a1c59120cae444969fe633dce315bfaf,fcbccedd61424f1b85dcbf8f897f9754,scene-0103,1533151610912404,0.05,samples/CAM_FRONT/n008-2018-08-01-15-16-36-0400__CAM_FRONT__1533151610912404.jpg,results/clips/clip_sample_001/frame_008.jpg,True,sample_001,assignment_03,be4b3c376a48a06f9474f046e40fef41455d29c83b97ab9479d6fd13464c114b
clip_sample_001,9,8d33cde438e34347b947be5d58574c1e,fcbccedd61424f1b85dcbf8f897f9754,scene-0103,1533151611012404,0.1,sweeps/CAM_FRONT/n008-2018-08-01-15-16-36-0400__CAM_FRONT__1533151611012404.jpg,results/clips/clip_sample_001/frame_009.jpg,False,sample_001,assignment_03,fba7217c61cd548377c4a3d7a51521e3b630bc43e3dfd69023bb21baa9938291
clip_sample_001,10,43fccc726dec45b9b0bb4bc53c03c32a,fcbccedd61424f1b85dcbf8f897f9754,scene-0103,1533151611112404,0.1,sweeps/CAM_FRONT/n008-2018-08-01-15-16-36-0400__CAM_FRONT__1533151611112404.jpg,results/clips/clip_sample_001/frame_010.jpg,False,sample_001,assignment_03,812852df7918218351534afebbd8ce98f5c64e7435e2af6a7f56ac98708a159b
clip_sample_001,11,2bb1f884f4f5424a8c6ae043343fc15c,fcbccedd61424f1b85dcbf8f897f9754,scene-0103,1533151611162404,0.05,sweeps/CAM_FRONT/n008-2018-08-01-15-16-36-0400__CAM_FRONT__1533151611162404.jpg,results/clips/clip_sample_001/frame_011.jpg,False,sample_001,assignment_03,f72ec7d34c524b471b7dadcfd59d939ca0551b20510a48827c61e90734139c76
clip_sample_001,12,b26f146870734841a368d923565f6690,fcbccedd61424f1b85dcbf8f897f9754,scene-0103,1533151611262404,0.1,sweeps/CAM_FRONT/n008-2018-08-01-15-16-36-0400__CAM_FRONT__1533151611262404.jpg,results/clips/clip_sample_001/frame_012.jpg,False,sample_001,assignment_03,7b485a5e9d3b797ca2963bddfd37e13b37455b1d8ecfb5dd0e443d6e166ecee2
clip_sample_001,13,42c18a2c0bdc45208dfeae03f9611567,fcbccedd61424f1b85dcbf8f897f9754,scene-0103,1533151611362404,0.1,sweeps/CAM_FRONT/n008-2018-08-01-15-16-36-0400__CAM_FRONT__1533151611362404.jpg,results/clips/clip_sample_001/frame_013.jpg,False,sample_001,assignment_03,4de1a525f7db656c08198e14c01eea6d7f6ec65248ea1127cb12e8269d0eaae9
clip_sample_001,14,46424bca0dce47e4b112431ecf260696,fcbccedd61424f1b85dcbf8f897f9754,scene-0103,1533151611412404,0.05,samples/CAM_FRONT/n008-2018-08-01-15-16-36-0400__CAM_FRONT__1533151611412404.jpg,results/clips/clip_sample_001/frame_014.jpg,True,sample_001,assignment_03,2a41bc321c6dc966f328e2a9d8c625adf7e2e2660f6bac60329c54166000c7e6
clip_sample_001,15,42b36a5eb68f4afcb43c57da0f2a61cb,fcbccedd61424f1b85dcbf8f897f9754,scene-0103,1533151611512404,0.1,sweeps/CAM_FRONT/n008-2018-08-01-15-16-36-0400__CAM_FRONT__1533151611512404.jpg,results/clips/clip_sample_001/frame_015.jpg,False,sample_001,assignment_03,1233d77e9f84feb8cf29d9ac649346ad4507ff0c9ce50a4473c87756269179ae
clip_sample_001,16,ff57417933de4bdf9ed38de77ec7cc05,fcbccedd61424f1b85dcbf8f897f9754,scene-0103,1533151611612404,0.1,sweeps/CAM_FRONT/n008-2018-08-01-15-16-36-0400__CAM_FRONT__1533151611612404.jpg,results/clips/clip_sample_001/frame_016.jpg,False,sample_001,assignment_03,6e4b621f3b7a128c34f172765e55210dfb03c48a3c4124fff6676866b43dd3eb
clip_sample_001,17,d2604117e62f43cbac65084a00e685f4,fcbccedd61424f1b85dcbf8f897f9754,scene-0103,1533151611662413,0.05,sweeps/CAM_FRONT/n008-2018-08-01-15-16-36-0400__CAM_FRONT__1533151611662413.jpg,results/clips/clip_sample_001/frame_017.jpg,False,sample_001,assignment_03,326faa8147025557e3dbf9bf61ed39508e1940db3244aaf25d2994194c8ad28c
clip_sample_001,18,291cb0a6230b41bb99cb829261676497,fcbccedd61424f1b85dcbf8f897f9754,scene-0103,1533151611762404,0.1,sweeps/CAM_FRONT/n008-2018-08-01-15-16-36-0400__CAM_FRONT__1533151611762404.jpg,results/clips/clip_sample_001/frame_018.jpg,False,sample_001,assignment_03,9552ef2eca38179aaea05d6dc15d1ada0b25feee67b68f65a11032804103012f
clip_sample_001,19,d05e01e43df24e35a7b4f11647e250f6,fcbccedd61424f1b85dcbf8f897f9754,scene-0103,1533151611862404,0.1,samples/CAM_FRONT/n008-2018-08-01-15-16-36-0400__CAM_FRONT__1533151611862404.jpg,results/clips/clip_sample_001/frame_019.jpg,True,sample_001,assignment_03,2c5607f97ed00d0fb33dac42c41c6d04f19490ae71105eb9a448980d5c8591e0
clip_sample_001,20,11b3f3c539174714afa58dd34861d8f9,fcbccedd61424f1b85dcbf8f897f9754,scene-0103,1533151611912404,0.05,sweeps/CAM_FRONT/n008-2018-08-01-15-16-36-0400__CAM_FRONT__1533151611912404.jpg,results/clips/clip_sample_001/frame_020.jpg,False,sample_001,assignment_03,a054c8a2689f117615bd62b10b8e7f91b6eaf974a0fb07cfb954a1a3274f0974
clip_sample_001,21,df8f6c2fb2274bb281752033840850ab,fcbccedd61424f1b85dcbf8f897f9754,scene-0103,1533151612012404,0.1,sweeps/CAM_FRONT/n008-2018-08-01-15-16-36-0400__CAM_FRONT__1533151612012404.jpg,results/clips/clip_sample_001/frame_021.jpg,False,sample_001,assignment_03,ab8030360ea9ff12422fc076729c4036d45dd66f6a01467b8153d57cbaf91d08
clip_sample_001,22,808aa18c782747369532aefcca9c24c9,fcbccedd61424f1b85dcbf8f897f9754,scene-0103,1533151612112404,0.1,sweeps/CAM_FRONT/n008-2018-08-01-15-16-36-0400__CAM_FRONT__1533151612112404.jpg,results/clips/clip_sample_001/frame_022.jpg,False,sample_001,assignment_03,31b20a787f5e0410d79bff04dc2badd7e62a9af6350334949d7bb62f9eba8708
clip_sample_001,23,1139d3d03fc343f9a6972147cd567cc3,fcbccedd61424f1b85dcbf8f897f9754,scene-0103,1533151612162404,0.05,sweeps/CAM_FRONT/n008-2018-08-01-15-16-36-0400__CAM_FRONT__1533151612162404.jpg,results/clips/clip_sample_001/frame_023.jpg,False,sample_001,assignment_03,1c16a51de80cb35dbce1c9aecd67cc49c6e1e190eca944a0fc75512536ab1f24
clip_sample_001,24,80fca4fab1f34b86867e328ceb6e3fce,fcbccedd61424f1b85dcbf8f897f9754,scene-0103,1533151612262404,0.1,sweeps/CAM_FRONT/n008-2018-08-01-15-16-36-0400__CAM_FRONT__1533151612262404.jpg,results/clips/clip_sample_001/frame_024.jpg,False,sample_001,assignment_03,4561c7b74753a55da5f0ded65b50bf256a2dcce08e6baa8121af6e747b2c6b28
clip_sample_001,25,c78c89d264e64b1f9f8542e5817fc6f1,fcbccedd61424f1b85dcbf8f897f9754,scene-0103,1533151612362404,0.1,samples/CAM_FRONT/n008-2018-08-01-15-16-36-0400__CAM_FRONT__1533151612362404.jpg,results/clips/clip_sample_001/frame_025.jpg,True,sample_001,assignment_03,c5cdfab356bbce58abe7b71aba9ca03bcca3be94b8009efce419650008260a41
clip_sample_001,26,c10658658d5b421eb879428fac2e1322,fcbccedd61424f1b85dcbf8f897f9754,scene-0103,1533151612412404,0.05,sweeps/CAM_FRONT/n008-2018-08-01-15-16-36-0400__CAM_FRONT__1533151612412404.jpg,results/clips/clip_sample_001/frame_026.jpg,False,sample_001,assignment_03,277c448d644c2e206c5dca3d311ff27c88e1912a6156ba3f9b832fc125b7b005
clip_sample_001,27,7fffea0ff8a142db96a9a2c785beaa23,fcbccedd61424f1b85dcbf8f897f9754,scene-0103,1533151612512404,0.1,sweeps/CAM_FRONT/n008-2018-08-01-15-16-36-0400__CAM_FRONT__1533151612512404.jpg,results/clips/clip_sample_001/frame_027.jpg,False,sample_001,assignment_03,213eba65678324e15b5dfb3719fe77b29e69c57ef9adee1dd8c935de9b56a5a3
clip_sample_001,28,b994fa915ac1453ba894af59152a99d2,fcbccedd61424f1b85dcbf8f897f9754,scene-0103,1533151612612404,0.1,sweeps/CAM_FRONT/n008-2018-08-01-15-16-36-0400__CAM_FRONT__1533151612612404.jpg,results/clips/clip_sample_001/frame_028.jpg,False,sample_001,assignment_03,a1045ab9ca2b6998a36c6a6263cca17db62864628a29dff53c3e5bf9a2bc70c3
clip_sample_001,29,a50f390f7f6d492c89126129b1c73771,fcbccedd61424f1b85dcbf8f897f9754,scene-0103,1533151612662404,0.05,sweeps/CAM_FRONT/n008-2018-08-01-15-16-36-0400__CAM_FRONT__1533151612662404.jpg,results/clips/clip_sample_001/frame_029.jpg,False,sample_001,assignment_03,6421375e3bca35ee2eac5082eb416a7a6e9f7865f7a40beb1be116891429c0ad
clip_sample_001,30,5f3e2a0a7cef4ad38cfc40757d9dffc5,fcbccedd61424f1b85dcbf8f897f9754,scene-0103,1533151612762404,0.1,sweeps/CAM_FRONT/n008-2018-08-01-15-16-36-0400__CAM_FRONT__1533151612762404.jpg,results/clips/clip_sample_001/frame_030.jpg,False,sample_001,assignment_03,5aeea705f6976a948fa90dab2a14bc6b110f10e55d6010abfb58f3cd87bba102
clip_sample_001,31,d9a8ad39503a411a8eb7501846d8dfc9,fcbccedd61424f1b85dcbf8f897f9754,scene-0103,1533151612862404,0.1,samples/CAM_FRONT/n008-2018-08-01-15-16-36-0400__CAM_FRONT__1533151612862404.jpg,results/clips/clip_sample_001/frame_031.jpg,True,sample_001,assignment_03,2deba14ca5b5009dee6d1176d73a5f88748b870a7db93e3dbce6cb363ea8035c
clip_sample_001,32,e68472a6a8164e47a3aff65c7ca68bc3,fcbccedd61424f1b85dcbf8f897f9754,scene-0103,1533151612912404,0.05,sweeps/CAM_FRONT/n008-2018-08-01-15-16-36-0400__CAM_FRONT__1533151612912404.jpg,results/clips/clip_sample_001/frame_032.jpg,False,sample_001,assignment_03,eaf187790e8e80702f36e043af400eac6463d7a4d794771f0c70b2424ccc2e12
clip_sample_001,33,2fa76cb5192e429dbe2ae0c15088bb43,fcbccedd61424f1b85dcbf8f897f9754,scene-0103,1533151613012404,0.1,sweeps/CAM_FRONT/n008-2018-08-01-15-16-36-0400__CAM_FRONT__1533151613012404.jpg,results/clips/clip_sample_001/frame_033.jpg,False,sample_001,assignment_03,554c806c8557afc000bbb9d6f80484a8106e94282db4757e1d1e8e5187ec202d
clip_sample_001,34,2446a7c83c194cf7baaba6464fcbd9ab,fcbccedd61424f1b85dcbf8f897f9754,scene-0103,1533151613112404,0.1,sweeps/CAM_FRONT/n008-2018-08-01-15-16-36-0400__CAM_FRONT__1533151613112404.jpg,results/clips/clip_sample_001/frame_034.jpg,False,sample_001,assignment_03,ea7d1bfef20bc1b80427f1a5d14c6d52479f26141923d2871113b7996dc589a0
clip_sample_001,35,978863302a4f4f37a37e890158c8f5ff,fcbccedd61424f1b85dcbf8f897f9754,scene-0103,1533151613162404,0.05,sweeps/CAM_FRONT/n008-2018-08-01-15-16-36-0400__CAM_FRONT__1533151613162404.jpg,results/clips/clip_sample_001/frame_035.jpg,False,sample_001,assignment_03,9bb8ba07405ee2aa935967f513806077de7f5355652547d3dc807145a7f3afe4
clip_sample_001,36,87a8e0a043c24d3588d6a42c2cb1bac0,fcbccedd61424f1b85dcbf8f897f9754,scene-0103,1533151613262404,0.1,sweeps/CAM_FRONT/n008-2018-08-01-15-16-36-0400__CAM_FRONT__1533151613262404.jpg,results/clips/clip_sample_001/frame_036.jpg,False,sample_001,assignment_03,79b3e694b915eb22b0916463deb3e839603c0d9aa6df723c310af57c6a962d25
clip_sample_003,1,6e76f277e47547bca0e38099ce01da54,6f83169d067343658251f72e1dd17dbc,scene-0553,1535489299012404,0.0,samples/CAM_FRONT/n008-2018-08-28-16-43-51-0400__CAM_FRONT__1535489299012404.jpg,results/clips/clip_sample_003/frame_001.jpg,True,sample_003,assignment_03,d39cca5c2e8ad95b6e9d5c0b762ea28fd9d62a0390da77ca68e4f2f264fa8114
clip_sample_003,2,984175f335134ec9bef9e0f04b484d1e,6f83169d067343658251f72e1dd17dbc,scene-0553,1535489299112404,0.1,sweeps/CAM_FRONT/n008-2018-08-28-16-43-51-0400__CAM_FRONT__1535489299112404.jpg,results/clips/clip_sample_003/frame_002.jpg,False,sample_003,assignment_03,a38f13fbf0173bca06ecdf4eb835e3e877819ae977e36d7a7ab62596af8fb23f
clip_sample_003,3,a80f3b798e8844dfaf2ff9b042de354b,6f83169d067343658251f72e1dd17dbc,scene-0553,1535489299162404,0.05,sweeps/CAM_FRONT/n008-2018-08-28-16-43-51-0400__CAM_FRONT__1535489299162404.jpg,results/clips/clip_sample_003/frame_003.jpg,False,sample_003,assignment_03,b327e59b60ccb9909ebd5e3b6dd538636a355876aa58e6020d8d06c6b186064b
clip_sample_003,4,0b081d4be5bf46c7b148b1e6cef9e7de,6f83169d067343658251f72e1dd17dbc,scene-0553,1535489299262404,0.1,sweeps/CAM_FRONT/n008-2018-08-28-16-43-51-0400__CAM_FRONT__1535489299262404.jpg,results/clips/clip_sample_003/frame_004.jpg,False,sample_003,assignment_03,2d7f771b10ac7ada88d69676f568f97677c95328db571873b831ed5487230cf7
clip_sample_003,5,913100259ec8428f88ba12c2e1ed3641,6f83169d067343658251f72e1dd17dbc,scene-0553,1535489299362404,0.1,sweeps/CAM_FRONT/n008-2018-08-28-16-43-51-0400__CAM_FRONT__1535489299362404.jpg,results/clips/clip_sample_003/frame_005.jpg,False,sample_003,assignment_03,c538ac61d9eba12f594ba1bf109b2365e5ac72222e7e6ce4a2e6f29db10c1b78
clip_sample_003,6,936d9dc3ef60454abfed71b4e65e5ce6,6f83169d067343658251f72e1dd17dbc,scene-0553,1535489299412414,0.05,sweeps/CAM_FRONT/n008-2018-08-28-16-43-51-0400__CAM_FRONT__1535489299412414.jpg,results/clips/clip_sample_003/frame_006.jpg,False,sample_003,assignment_03,064d0de0f3df0eb6694ce41a3590578e5e1dac60e82b235a022cbf321e075f87
clip_sample_003,7,85b9d897bc9d4d7094696a5a356b29f0,6f83169d067343658251f72e1dd17dbc,scene-0553,1535489299512404,0.1,samples/CAM_FRONT/n008-2018-08-28-16-43-51-0400__CAM_FRONT__1535489299512404.jpg,results/clips/clip_sample_003/frame_007.jpg,True,sample_003,assignment_03,5d8503a674f71e58603bb9a6ceca1696c52e6b4cd265924b1cf58614e3fd8444
clip_sample_003,8,d98576ae20404d80b67483194e771f57,6f83169d067343658251f72e1dd17dbc,scene-0553,1535489299612404,0.1,sweeps/CAM_FRONT/n008-2018-08-28-16-43-51-0400__CAM_FRONT__1535489299612404.jpg,results/clips/clip_sample_003/frame_008.jpg,False,sample_003,assignment_03,3d373ca03703166c291097b9869435d84450eeb24f468185834cfb86744d637f
clip_sample_003,9,8354d49af74144ca9472df62e2cd0a42,6f83169d067343658251f72e1dd17dbc,scene-0553,1535489299662404,0.05,sweeps/CAM_FRONT/n008-2018-08-28-16-43-51-0400__CAM_FRONT__1535489299662404.jpg,results/clips/clip_sample_003/frame_009.jpg,False,sample_003,assignment_03,b3f465a9084eb2403732fb5ff401eed35c2bea0825dfdf7c85cfa62068e8c468
clip_sample_003,10,4827303cceeb4d40a40bbf0a21f9503b,6f83169d067343658251f72e1dd17dbc,scene-0553,1535489299762404,0.1,sweeps/CAM_FRONT/n008-2018-08-28-16-43-51-0400__CAM_FRONT__1535489299762404.jpg,results/clips/clip_sample_003/frame_010.jpg,False,sample_003,assignment_03,a2215ee778faba6764f325b4bc0376170ec6fff3231f2a56d340ad0cca13ebd1
clip_sample_003,11,b4dad2fa7c594ca48183eb636d04a6da,6f83169d067343658251f72e1dd17dbc,scene-0553,1535489299862404,0.1,sweeps/CAM_FRONT/n008-2018-08-28-16-43-51-0400__CAM_FRONT__1535489299862404.jpg,results/clips/clip_sample_003/frame_011.jpg,False,sample_003,assignment_03,2a48f55d818c5b4c692cbfbc02bb43e4b2585a39b2cdee2e9d032a58a4417028
clip_sample_003,12,779080bf127842b783675307a24a423e,6f83169d067343658251f72e1dd17dbc,scene-0553,1535489299912404,0.05,sweeps/CAM_FRONT/n008-2018-08-28-16-43-51-0400__CAM_FRONT__1535489299912404.jpg,results/clips/clip_sample_003/frame_012.jpg,False,sample_003,assignment_03,bd53ccceac35e71d5e5edf074d9c5d26ad64ce00eb8c9faac30be84739ca1c09
clip_sample_003,13,435543e1321b411ea5c930633e0883d9,6f83169d067343658251f72e1dd17dbc,scene-0553,1535489300012404,0.1,samples/CAM_FRONT/n008-2018-08-28-16-43-51-0400__CAM_FRONT__1535489300012404.jpg,results/clips/clip_sample_003/frame_013.jpg,True,sample_003,assignment_03,41a532a7e171fca63591115661584e62d3af89e0023a68f528b9d4122d8faa78
clip_sample_003,14,3c1b74d9e045437da2c52ea1955c5cad,6f83169d067343658251f72e1dd17dbc,scene-0553,1535489300112404,0.1,sweeps/CAM_FRONT/n008-2018-08-28-16-43-51-0400__CAM_FRONT__1535489300112404.jpg,results/clips/clip_sample_003/frame_014.jpg,False,sample_003,assignment_03,76d061078ce28c439336a656abcc241c02262505ab978b4501f9f9f2650d3fa8
clip_sample_003,15,568cee6bcbe241f0a825449f19d22642,6f83169d067343658251f72e1dd17dbc,scene-0553,1535489300162404,0.05,sweeps/CAM_FRONT/n008-2018-08-28-16-43-51-0400__CAM_FRONT__1535489300162404.jpg,results/clips/clip_sample_003/frame_015.jpg,False,sample_003,assignment_03,4661c9920edd07a0d2e7b73fdeb4623f380cb82df7b542ed50eebaffa20821be
clip_sample_003,16,6bf59d5acc934be5800ea64f3b57dc80,6f83169d067343658251f72e1dd17dbc,scene-0553,1535489300262404,0.1,sweeps/CAM_FRONT/n008-2018-08-28-16-43-51-0400__CAM_FRONT__1535489300262404.jpg,results/clips/clip_sample_003/frame_016.jpg,False,sample_003,assignment_03,fdcc8d085fe7c5022008816347b236f1bfd17145f36d03c467b3d854cf0e11b7
clip_sample_003,17,c1886c3b29d44041ad25ff6d57f42a64,6f83169d067343658251f72e1dd17dbc,scene-0553,1535489300362404,0.1,sweeps/CAM_FRONT/n008-2018-08-28-16-43-51-0400__CAM_FRONT__1535489300362404.jpg,results/clips/clip_sample_003/frame_017.jpg,False,sample_003,assignment_03,e5c80d70c6259705f78f66407dc69fd3adf0dc9d919ca7726aaddea8db90c811
clip_sample_003,18,fd1e834c1c934e09927fb7507c8732e0,6f83169d067343658251f72e1dd17dbc,scene-0553,1535489300412404,0.05,sweeps/CAM_FRONT/n008-2018-08-28-16-43-51-0400__CAM_FRONT__1535489300412404.jpg,results/clips/clip_sample_003/frame_018.jpg,False,sample_003,assignment_03,9876f39be55ffb0b840647a447c5605e4827ceab46aab2b8a4e05ed8e4ca7763
clip_sample_003,19,cf3f00e98842449696a4cb4edb1e1c5e,6f83169d067343658251f72e1dd17dbc,scene-0553,1535489300512404,0.1,samples/CAM_FRONT/n008-2018-08-28-16-43-51-0400__CAM_FRONT__1535489300512404.jpg,results/clips/clip_sample_003/frame_019.jpg,True,sample_003,assignment_03,3271f0073a09056bee197883c844b7c1db0f9d1b26d0f1847fac7a5affa11a7e
clip_sample_003,20,f13a1dcd3eb1430f9d4299d909145b22,6f83169d067343658251f72e1dd17dbc,scene-0553,1535489300612404,0.1,sweeps/CAM_FRONT/n008-2018-08-28-16-43-51-0400__CAM_FRONT__1535489300612404.jpg,results/clips/clip_sample_003/frame_020.jpg,False,sample_003,assignment_03,61a90c386d6effdf5a06d9a8f1f67d094aaeabe8d86980826f1d449873b2f2b0
clip_sample_003,21,7a33903f904840808b277b908774adb1,6f83169d067343658251f72e1dd17dbc,scene-0553,1535489300662404,0.05,sweeps/CAM_FRONT/n008-2018-08-28-16-43-51-0400__CAM_FRONT__1535489300662404.jpg,results/clips/clip_sample_003/frame_021.jpg,False,sample_003,assignment_03,8099e2e5ae6e58998c4423c58af6ef37c34c179ff4ece9bb7da6989d13180c63
clip_sample_003,22,cb60f49f81134883b2a698222147f2a8,6f83169d067343658251f72e1dd17dbc,scene-0553,1535489300762404,0.1,sweeps/CAM_FRONT/n008-2018-08-28-16-43-51-0400__CAM_FRONT__1535489300762404.jpg,results/clips/clip_sample_003/frame_022.jpg,False,sample_003,assignment_03,826be042f9bea058377b53d4a991e6e6ab4862fe5e518832f3af968cd89bdf7d
clip_sample_003,23,30cc2dec389641419a4478ca06d0dddc,6f83169d067343658251f72e1dd17dbc,scene-0553,1535489300862404,0.1,sweeps/CAM_FRONT/n008-2018-08-28-16-43-51-0400__CAM_FRONT__1535489300862404.jpg,results/clips/clip_sample_003/frame_023.jpg,False,sample_003,assignment_03,d26b96cb14458daad5a53d92c9bc6644ac461b48a19ac571a9a14ee8f4b7b35d
clip_sample_003,24,6cf4b4162e06417dbe88ece719c6b55d,6f83169d067343658251f72e1dd17dbc,scene-0553,1535489300912404,0.05,sweeps/CAM_FRONT/n008-2018-08-28-16-43-51-0400__CAM_FRONT__1535489300912404.jpg,results/clips/clip_sample_003/frame_024.jpg,False,sample_003,assignment_03,58046e97da157ab7a3352dd36565e09ff4484d4b13bc1f45c7bc337423694bf0
clip_sample_003,25,c7f783fe8173446383bfbbb7a783517f,6f83169d067343658251f72e1dd17dbc,scene-0553,1535489301012404,0.1,samples/CAM_FRONT/n008-2018-08-28-16-43-51-0400__CAM_FRONT__1535489301012404.jpg,results/clips/clip_sample_003/frame_025.jpg,True,sample_003,assignment_03,78e052ee0481ff6b1f6ed5ccbf2ae860420ba25d89662dfffed9ffc55dd0a992
clip_sample_003,26,504509c5c7ed41fda8a9580046a9a933,6f83169d067343658251f72e1dd17dbc,scene-0553,1535489301112404,0.1,sweeps/CAM_FRONT/n008-2018-08-28-16-43-51-0400__CAM_FRONT__1535489301112404.jpg,results/clips/clip_sample_003/frame_026.jpg,False,sample_003,assignment_03,95b0a1965e8c71976bbf9eb71165a0b61b299bfa4204e6b67d8fc8941fbdeb43
clip_sample_003,27,b4bfaf736bf642dba7e68195ac935c12,6f83169d067343658251f72e1dd17dbc,scene-0553,1535489301162404,0.05,sweeps/CAM_FRONT/n008-2018-08-28-16-43-51-0400__CAM_FRONT__1535489301162404.jpg,results/clips/clip_sample_003/frame_027.jpg,False,sample_003,assignment_03,fe3f17bd67c3f0c2a18b9154f7fbf0b726c3324f85cf3859b53ba414a7ec2673
clip_sample_003,28,3e6471ddeb954549930e9cf36ee6839f,6f83169d067343658251f72e1dd17dbc,scene-0553,1535489301262404,0.1,sweeps/CAM_FRONT/n008-2018-08-28-16-43-51-0400__CAM_FRONT__1535489301262404.jpg,results/clips/clip_sample_003/frame_028.jpg,False,sample_003,assignment_03,6b27e3c3b99be0a5850bce739525fc09f8c7994a032d976bf4fa3df2d1c3eb35
clip_sample_003,29,e179fc6a704a4ee3bc8d9e06ace5cdbd,6f83169d067343658251f72e1dd17dbc,scene-0553,1535489301362404,0.1,sweeps/CAM_FRONT/n008-2018-08-28-16-43-51-0400__CAM_FRONT__1535489301362404.jpg,results/clips/clip_sample_003/frame_029.jpg,False,sample_003,assignment_03,349cbf4eefe8621668fda4c864f3c177a2e8441d372365c2c6f4edbf932c26cd
clip_sample_003,30,1f81f6e6b86e414c9f0314866757f602,6f83169d067343658251f72e1dd17dbc,scene-0553,1535489301412404,0.05,sweeps/CAM_FRONT/n008-2018-08-28-16-43-51-0400__CAM_FRONT__1535489301412404.jpg,results/clips/clip_sample_003/frame_030.jpg,False,sample_003,assignment_03,f60b7bb3677cac13965aee01d32caed3dd25b83e2672cda3ef939a24c1c1d1fe
clip_sample_003,31,a409449573af464c9cd6775837c45967,6f83169d067343658251f72e1dd17dbc,scene-0553,1535489301512404,0.1,samples/CAM_FRONT/n008-2018-08-28-16-43-51-0400__CAM_FRONT__1535489301512404.jpg,results/clips/clip_sample_003/frame_031.jpg,True,sample_003,assignment_03,d927e640d866f211185bff3530d85810648cb104ed67d7b1bd4174158d48e20e
clip_sample_003,32,7e2ad70e2886443fb710a9d8daf226e7,6f83169d067343658251f72e1dd17dbc,scene-0553,1535489301612404,0.1,sweeps/CAM_FRONT/n008-2018-08-28-16-43-51-0400__CAM_FRONT__1535489301612404.jpg,results/clips/clip_sample_003/frame_032.jpg,False,sample_003,assignment_03,042293c442dbee09552cb5e4dcaa15f6410d904c3403cc8d5337a5cac50634fe
clip_sample_003,33,f405fe5a97374946a8db54434ac77737,6f83169d067343658251f72e1dd17dbc,scene-0553,1535489301662404,0.05,sweeps/CAM_FRONT/n008-2018-08-28-16-43-51-0400__CAM_FRONT__1535489301662404.jpg,results/clips/clip_sample_003/frame_033.jpg,False,sample_003,assignment_03,603a72e31e5a35faa269300bd1ca293a96567661b6d80c99a2eee1efc5528e16
clip_sample_003,34,d0a3bf5be2664a868ded1bd545f3d2a9,6f83169d067343658251f72e1dd17dbc,scene-0553,1535489301762404,0.1,sweeps/CAM_FRONT/n008-2018-08-28-16-43-51-0400__CAM_FRONT__1535489301762404.jpg,results/clips/clip_sample_003/frame_034.jpg,False,sample_003,assignment_03,ab716197498b70b64a5c5ec1f4b965a393a7e6c9f4b41bbdcf3ec461fc93f0cf
clip_sample_003,35,7bb59ff457d648358c591c5c59bf1b57,6f83169d067343658251f72e1dd17dbc,scene-0553,1535489301862404,0.1,sweeps/CAM_FRONT/n008-2018-08-28-16-43-51-0400__CAM_FRONT__1535489301862404.jpg,results/clips/clip_sample_003/frame_035.jpg,False,sample_003,assignment_03,3172c8af58d1d52157e1dba516e02102b5142f7182f13e46688bdc491d09c709
clip_sample_003,36,5586eaa9acbc42e69ee571dcedcb1bb0,6f83169d067343658251f72e1dd17dbc,scene-0553,1535489301912404,0.05,sweeps/CAM_FRONT/n008-2018-08-28-16-43-51-0400__CAM_FRONT__1535489301912404.jpg,results/clips/clip_sample_003/frame_036.jpg,False,sample_003,assignment_03,9018c2d986fb694f658ccb0ba15011d9baf90ca6b5758ddb0a31da4decd1eeac
clip_sample_006,1,fc4cba53bd2c4923b17da19b2e6e44fa,2fc3753772e241f2ab2cd16a784cc680,scene-0757,1535657122612404,0.0,samples/CAM_FRONT/n008-2018-08-30-15-16-55-0400__CAM_FRONT__1535657122612404.jpg,results/clips/clip_sample_006/frame_001.jpg,True,sample_006,assignment_03,76e5e73a5d22715329a8811b68c29da2d68e333b0425ae58b3ba0ac19de9e253
clip_sample_006,2,b2b8399386f044c0a68858a4bcf55d2c,2fc3753772e241f2ab2cd16a784cc680,scene-0757,1535657122662404,0.05,sweeps/CAM_FRONT/n008-2018-08-30-15-16-55-0400__CAM_FRONT__1535657122662404.jpg,results/clips/clip_sample_006/frame_002.jpg,False,sample_006,assignment_03,004c8f91938273198da3bd7d61f5ae47ff3a241b72e02d36595de909b9f385fa
clip_sample_006,3,6903109334b745b5a087bc89d98f4456,2fc3753772e241f2ab2cd16a784cc680,scene-0757,1535657122762404,0.1,sweeps/CAM_FRONT/n008-2018-08-30-15-16-55-0400__CAM_FRONT__1535657122762404.jpg,results/clips/clip_sample_006/frame_003.jpg,False,sample_006,assignment_03,22520d4b49102624ee32e28f1bb65f175ee0f923dffd715cd5878f99d2332c08
clip_sample_006,4,3e99c42203b64608a7495eb57e3989ee,2fc3753772e241f2ab2cd16a784cc680,scene-0757,1535657122862404,0.1,sweeps/CAM_FRONT/n008-2018-08-30-15-16-55-0400__CAM_FRONT__1535657122862404.jpg,results/clips/clip_sample_006/frame_004.jpg,False,sample_006,assignment_03,7c6e9f96f762b174a555353e903b9861a92f6dac165f58cb1caaecd5ca56ad93
clip_sample_006,5,5675bce8c0314dde87d1ac44bc2d2584,2fc3753772e241f2ab2cd16a784cc680,scene-0757,1535657122912404,0.05,sweeps/CAM_FRONT/n008-2018-08-30-15-16-55-0400__CAM_FRONT__1535657122912404.jpg,results/clips/clip_sample_006/frame_005.jpg,False,sample_006,assignment_03,c753d463e89b3c7478f5b64b6813f9fda2ab5ea38ddc9b3e062b812435a4ae16
clip_sample_006,6,bfe1c24062dc4584be5c9602e7d57ac3,2fc3753772e241f2ab2cd16a784cc680,scene-0757,1535657123012404,0.1,sweeps/CAM_FRONT/n008-2018-08-30-15-16-55-0400__CAM_FRONT__1535657123012404.jpg,results/clips/clip_sample_006/frame_006.jpg,False,sample_006,assignment_03,13dee580780d82c8ab512bd63ec5afa361e0eecdda4c60e5e9dad0d92c2f35de
clip_sample_006,7,e26810c28df44cefa069778865bd832c,2fc3753772e241f2ab2cd16a784cc680,scene-0757,1535657123112404,0.1,samples/CAM_FRONT/n008-2018-08-30-15-16-55-0400__CAM_FRONT__1535657123112404.jpg,results/clips/clip_sample_006/frame_007.jpg,True,sample_006,assignment_03,5c25b8ac1dea8c8b891e114d3f8cf082515b0b1bdef6b3a616825e83b9f4aba9
clip_sample_006,8,87d05f57c5c44e29b95f679c031991fa,2fc3753772e241f2ab2cd16a784cc680,scene-0757,1535657123162404,0.05,sweeps/CAM_FRONT/n008-2018-08-30-15-16-55-0400__CAM_FRONT__1535657123162404.jpg,results/clips/clip_sample_006/frame_008.jpg,False,sample_006,assignment_03,599423548a5d363d52efe37c93a46d0cbb4a711c72e18e378bca747e962125e6
clip_sample_006,9,068a216182004181b00917796388123e,2fc3753772e241f2ab2cd16a784cc680,scene-0757,1535657123262404,0.1,sweeps/CAM_FRONT/n008-2018-08-30-15-16-55-0400__CAM_FRONT__1535657123262404.jpg,results/clips/clip_sample_006/frame_009.jpg,False,sample_006,assignment_03,29ad3e60a1f91805e84428e0cada5e87d3b23a0134d01857ca54d0b39d59d642
clip_sample_006,10,006a8734855c40db84847d9bf57a10e0,2fc3753772e241f2ab2cd16a784cc680,scene-0757,1535657123362404,0.1,sweeps/CAM_FRONT/n008-2018-08-30-15-16-55-0400__CAM_FRONT__1535657123362404.jpg,results/clips/clip_sample_006/frame_010.jpg,False,sample_006,assignment_03,1e423359fde745a7ecbdb0d4ad1a7659cf66bdf42e1486f49bc499f42bda4c65
clip_sample_006,11,908918d61582462880cd3b43af3903ec,2fc3753772e241f2ab2cd16a784cc680,scene-0757,1535657123412404,0.05,sweeps/CAM_FRONT/n008-2018-08-30-15-16-55-0400__CAM_FRONT__1535657123412404.jpg,results/clips/clip_sample_006/frame_011.jpg,False,sample_006,assignment_03,7ac69847ead828c1a9a3c9b4090e35933a2bc72fcb04efd18fca79fbf5939359
clip_sample_006,12,067794f9d1d94fcebb647be82421218b,2fc3753772e241f2ab2cd16a784cc680,scene-0757,1535657123512404,0.1,sweeps/CAM_FRONT/n008-2018-08-30-15-16-55-0400__CAM_FRONT__1535657123512404.jpg,results/clips/clip_sample_006/frame_012.jpg,False,sample_006,assignment_03,2029d72d12caa837a6aedea6431a09c627c888c86a546cd3544ee18f18c7ef95
clip_sample_006,13,df1863e3fe614f288a9974d619343050,2fc3753772e241f2ab2cd16a784cc680,scene-0757,1535657123612404,0.1,samples/CAM_FRONT/n008-2018-08-30-15-16-55-0400__CAM_FRONT__1535657123612404.jpg,results/clips/clip_sample_006/frame_013.jpg,True,sample_006,assignment_03,c2c714fef01817c42f8c60d264a45807a06cbec2616c59d8e46e6b4131fe0a51
clip_sample_006,14,bb52afd256324579b9ee4871407cc421,2fc3753772e241f2ab2cd16a784cc680,scene-0757,1535657123662404,0.05,sweeps/CAM_FRONT/n008-2018-08-30-15-16-55-0400__CAM_FRONT__1535657123662404.jpg,results/clips/clip_sample_006/frame_014.jpg,False,sample_006,assignment_03,7c237bb5a3bce9b2eae6e45923762d493f14bc9ae74b228226ee3558fd127161
clip_sample_006,15,4180a25646a14b4386114ec093a19fba,2fc3753772e241f2ab2cd16a784cc680,scene-0757,1535657123762404,0.1,sweeps/CAM_FRONT/n008-2018-08-30-15-16-55-0400__CAM_FRONT__1535657123762404.jpg,results/clips/clip_sample_006/frame_015.jpg,False,sample_006,assignment_03,5ba2cf5b44cded3d3eaa87d4b4d968c37d2007ca6f41d47c9af10e995fcfeb3d
clip_sample_006,16,5dca52908d1c4949867e8bc019097c02,2fc3753772e241f2ab2cd16a784cc680,scene-0757,1535657123862404,0.1,sweeps/CAM_FRONT/n008-2018-08-30-15-16-55-0400__CAM_FRONT__1535657123862404.jpg,results/clips/clip_sample_006/frame_016.jpg,False,sample_006,assignment_03,1275e8c46b658aa2dc4aaf92d4b40469fc5151383f7971baaab9ea7f32e56ad7
clip_sample_006,17,27838e96af1d4ea6a6a794315439ae5a,2fc3753772e241f2ab2cd16a784cc680,scene-0757,1535657123912404,0.05,sweeps/CAM_FRONT/n008-2018-08-30-15-16-55-0400__CAM_FRONT__1535657123912404.jpg,results/clips/clip_sample_006/frame_017.jpg,False,sample_006,assignment_03,430ae14d9e217ac408e19b9f67cdf94dfe08eda36e8852321ac9a01b6ceee831
clip_sample_006,18,91627e18f43d4aeeac0a17ce295c54e2,2fc3753772e241f2ab2cd16a784cc680,scene-0757,1535657124012404,0.1,sweeps/CAM_FRONT/n008-2018-08-30-15-16-55-0400__CAM_FRONT__1535657124012404.jpg,results/clips/clip_sample_006/frame_018.jpg,False,sample_006,assignment_03,8bf0c49f24e18b04c74683736cc5f35f187f2f3e4bccc6446a8846eff4f4a9dd
clip_sample_006,19,9b6ce88572b947b3b8e141c8bfe96f5b,2fc3753772e241f2ab2cd16a784cc680,scene-0757,1535657124112404,0.1,samples/CAM_FRONT/n008-2018-08-30-15-16-55-0400__CAM_FRONT__1535657124112404.jpg,results/clips/clip_sample_006/frame_019.jpg,True,sample_006,assignment_03,6fe90d4a231d9219a08f63a600764e86182d71a96122cad779a6fb87611e9d90
clip_sample_006,20,0bded83cf9214068a782a017c6b65480,2fc3753772e241f2ab2cd16a784cc680,scene-0757,1535657124162404,0.05,sweeps/CAM_FRONT/n008-2018-08-30-15-16-55-0400__CAM_FRONT__1535657124162404.jpg,results/clips/clip_sample_006/frame_020.jpg,False,sample_006,assignment_03,2f517357319e71f62edcc19644e79d66208c2b4e74a8c8201a80323a6a25fe3e
clip_sample_006,21,a6dea3401f2144c3b337111081d78325,2fc3753772e241f2ab2cd16a784cc680,scene-0757,1535657124262404,0.1,sweeps/CAM_FRONT/n008-2018-08-30-15-16-55-0400__CAM_FRONT__1535657124262404.jpg,results/clips/clip_sample_006/frame_021.jpg,False,sample_006,assignment_03,c09f5d1a937bf04156efaf17a55bb71c104d6c6b9d9d46bf72f65b427b065a71
clip_sample_006,22,77cdce4606c2467a8a113e8537b34a67,2fc3753772e241f2ab2cd16a784cc680,scene-0757,1535657124362404,0.1,sweeps/CAM_FRONT/n008-2018-08-30-15-16-55-0400__CAM_FRONT__1535657124362404.jpg,results/clips/clip_sample_006/frame_022.jpg,False,sample_006,assignment_03,41f83088077138b8096d48c2c4ee6221c1d81d70572e9ea8f41e3dcbd7181159
clip_sample_006,23,b9573681fec146e2b022f8a1d2d61114,2fc3753772e241f2ab2cd16a784cc680,scene-0757,1535657124412404,0.05,sweeps/CAM_FRONT/n008-2018-08-30-15-16-55-0400__CAM_FRONT__1535657124412404.jpg,results/clips/clip_sample_006/frame_023.jpg,False,sample_006,assignment_03,0d4f478fb6df5ba8e7d37cf2076118f42c0cf0e42baff7c390a12c85de89c30e
clip_sample_006,24,db76a9661fce440ebd4c400d504f083b,2fc3753772e241f2ab2cd16a784cc680,scene-0757,1535657124512404,0.1,sweeps/CAM_FRONT/n008-2018-08-30-15-16-55-0400__CAM_FRONT__1535657124512404.jpg,results/clips/clip_sample_006/frame_024.jpg,False,sample_006,assignment_03,77d34924c26efd24a7462fc00ecabddb0795e5d4d0f15648d9f1d234893dadff
clip_sample_006,25,beea8d83b337481799c36c6561ec3de6,2fc3753772e241f2ab2cd16a784cc680,scene-0757,1535657124612404,0.1,samples/CAM_FRONT/n008-2018-08-30-15-16-55-0400__CAM_FRONT__1535657124612404.jpg,results/clips/clip_sample_006/frame_025.jpg,True,sample_006,assignment_03,ea517ea4dcdc276ab2722b2a973412c38a8c427ba910dfe59c6d60a5c8eaba4d
clip_sample_006,26,3c163363d382448f96529f9552f10498,2fc3753772e241f2ab2cd16a784cc680,scene-0757,1535657124662404,0.05,sweeps/CAM_FRONT/n008-2018-08-30-15-16-55-0400__CAM_FRONT__1535657124662404.jpg,results/clips/clip_sample_006/frame_026.jpg,False,sample_006,assignment_03,6ad6c70fb93b935dc404b398b1fd1ab4e33718ae619ac59c7872b20a72e5696a
clip_sample_006,27,1b9aa98c7eef4bd4a3a298314621408b,2fc3753772e241f2ab2cd16a784cc680,scene-0757,1535657124762404,0.1,sweeps/CAM_FRONT/n008-2018-08-30-15-16-55-0400__CAM_FRONT__1535657124762404.jpg,results/clips/clip_sample_006/frame_027.jpg,False,sample_006,assignment_03,a86f24505aaa74908259ac48faa07ca6e5edacb57738958ff2c3f14809650a52
clip_sample_006,28,8685c6345bbc4ef9a7cdc37266a47fd9,2fc3753772e241f2ab2cd16a784cc680,scene-0757,1535657124862404,0.1,sweeps/CAM_FRONT/n008-2018-08-30-15-16-55-0400__CAM_FRONT__1535657124862404.jpg,results/clips/clip_sample_006/frame_028.jpg,False,sample_006,assignment_03,70d70d482a047c1da5bd6545aa679ad1034f068ed25a9617df2792f49417dfa0
clip_sample_006,29,2e6d9599fb0b40b2adc0bc02c468cea9,2fc3753772e241f2ab2cd16a784cc680,scene-0757,1535657124912404,0.05,sweeps/CAM_FRONT/n008-2018-08-30-15-16-55-0400__CAM_FRONT__1535657124912404.jpg,results/clips/clip_sample_006/frame_029.jpg,False,sample_006,assignment_03,f4f22046af9b9f705a3cdddf7075e7d697b2bf8a5eb5bb1b081b1a963e5adbd4
clip_sample_006,30,95a28d6a250a40e884e5b22f7f0018ef,2fc3753772e241f2ab2cd16a784cc680,scene-0757,1535657125012404,0.1,sweeps/CAM_FRONT/n008-2018-08-30-15-16-55-0400__CAM_FRONT__1535657125012404.jpg,results/clips/clip_sample_006/frame_030.jpg,False,sample_006,assignment_03,fe6cd6bfe51bdc7c1f82ee4b569cc1932369596687f1ff58676579adc79c34f1
clip_sample_006,31,452cb8aa72de4124907764018407b8d8,2fc3753772e241f2ab2cd16a784cc680,scene-0757,1535657125112404,0.1,samples/CAM_FRONT/n008-2018-08-30-15-16-55-0400__CAM_FRONT__1535657125112404.jpg,results/clips/clip_sample_006/frame_031.jpg,True,sample_006,assignment_03,13300ad6f5e8259774d658383688eba8d631122890b9917de303012cd28e313d
clip_sample_006,32,cde42fda14b64510bbeaca4abe90bd6e,2fc3753772e241f2ab2cd16a784cc680,scene-0757,1535657125162404,0.05,sweeps/CAM_FRONT/n008-2018-08-30-15-16-55-0400__CAM_FRONT__1535657125162404.jpg,results/clips/clip_sample_006/frame_032.jpg,False,sample_006,assignment_03,66bd1884258c23947de5b3f94f71aeb75e9286c18425e59414c10d947a3869a9
clip_sample_006,33,b8bbefc71559469d8aeb124ce6a149dc,2fc3753772e241f2ab2cd16a784cc680,scene-0757,1535657125262404,0.1,sweeps/CAM_FRONT/n008-2018-08-30-15-16-55-0400__CAM_FRONT__1535657125262404.jpg,results/clips/clip_sample_006/frame_033.jpg,False,sample_006,assignment_03,a8374cb00b6ae4ff0d894a9fc59cf6a516802da0fed8a90f6d8afb01c4cfa298
clip_sample_006,34,f74dd0b5b8d94675b84b913f103151b9,2fc3753772e241f2ab2cd16a784cc680,scene-0757,1535657125362404,0.1,sweeps/CAM_FRONT/n008-2018-08-30-15-16-55-0400__CAM_FRONT__1535657125362404.jpg,results/clips/clip_sample_006/frame_034.jpg,False,sample_006,assignment_03,4a576a3129da78e2830816c4e1c6f0d6174686dc21cd596d7f18df75588b8427
clip_sample_006,35,ede107db99d349aabcf17f717c4253bf,2fc3753772e241f2ab2cd16a784cc680,scene-0757,1535657125412404,0.05,sweeps/CAM_FRONT/n008-2018-08-30-15-16-55-0400__CAM_FRONT__1535657125412404.jpg,results/clips/clip_sample_006/frame_035.jpg,False,sample_006,assignment_03,5acf9c75015e8ea4f6f74f532e3b59e599748b5df57986faa3b72827eb25da3d
clip_sample_006,36,625ebaa03556432580edd83c98944ea5,2fc3753772e241f2ab2cd16a784cc680,scene-0757,1535657125512404,0.1,sweeps/CAM_FRONT/n008-2018-08-30-15-16-55-0400__CAM_FRONT__1535657125512404.jpg,results/clips/clip_sample_006/frame_036.jpg,False,sample_006,assignment_03,198a966323a29ce49cd1235b3347eab5b47cd157e7e138ab6e5f13b27428276f
clip_sample_011,1,c1a7b405ddce4180bdc32190642cda91,de7d80a1f5fb4c3e82ce8a4f213b450a,scene-1094,1542800850912460,0.0,samples/CAM_FRONT/n015-2018-11-21-19-38-26+0800__CAM_FRONT__1542800850912460.jpg,results/clips/clip_sample_011/frame_001.jpg,True,sample_011,new_assignment_04,8a65264f140758e1bf806b1a22e8bba59055be083509ee765122ef6f696ba97a
clip_sample_011,2,cc2dffdc402e41c19dcc7c9e69000a9a,de7d80a1f5fb4c3e82ce8a4f213b450a,scene-1094,1542800851012460,0.1,sweeps/CAM_FRONT/n015-2018-11-21-19-38-26+0800__CAM_FRONT__1542800851012460.jpg,results/clips/clip_sample_011/frame_002.jpg,False,sample_011,new_assignment_04,f982f0c8c9a02d89006e3bd631b2f978ec95665dc22b14aec7afd35a808e3e03
clip_sample_011,3,8659609009f24843bd5b2cd15c935d34,de7d80a1f5fb4c3e82ce8a4f213b450a,scene-1094,1542800851112460,0.1,sweeps/CAM_FRONT/n015-2018-11-21-19-38-26+0800__CAM_FRONT__1542800851112460.jpg,results/clips/clip_sample_011/frame_003.jpg,False,sample_011,new_assignment_04,7df11de8e19c75937efdcdc89406397f15ee70248c0a9e12d370ce4587b635e2
clip_sample_011,4,79fa7c0f054d4ca18071df3c2f067c16,de7d80a1f5fb4c3e82ce8a4f213b450a,scene-1094,1542800851162460,0.05,sweeps/CAM_FRONT/n015-2018-11-21-19-38-26+0800__CAM_FRONT__1542800851162460.jpg,results/clips/clip_sample_011/frame_004.jpg,False,sample_011,new_assignment_04,d713880588e5203a8a43f8b171a390719b5fee315369b7d79477c8eb864fd03b
clip_sample_011,5,62c3111baa014512a2fee0de65f26448,de7d80a1f5fb4c3e82ce8a4f213b450a,scene-1094,1542800851262460,0.1,sweeps/CAM_FRONT/n015-2018-11-21-19-38-26+0800__CAM_FRONT__1542800851262460.jpg,results/clips/clip_sample_011/frame_005.jpg,False,sample_011,new_assignment_04,78af25f50ceb9952d2b3d84e5310bc68c817ac2e63bbc9babc7d005d42f2e814
clip_sample_011,6,2bfad3ba494843bfb440b1dc0af49478,de7d80a1f5fb4c3e82ce8a4f213b450a,scene-1094,1542800851362477,0.1,sweeps/CAM_FRONT/n015-2018-11-21-19-38-26+0800__CAM_FRONT__1542800851362477.jpg,results/clips/clip_sample_011/frame_006.jpg,False,sample_011,new_assignment_04,fe9b2aa160dd714aaf4fdab94546e3304cb8063fb8991973c1f0524cf4192209
clip_sample_011,7,4533b16ea9124957960f9ccd5eeb2429,de7d80a1f5fb4c3e82ce8a4f213b450a,scene-1094,1542800851412460,0.05,samples/CAM_FRONT/n015-2018-11-21-19-38-26+0800__CAM_FRONT__1542800851412460.jpg,results/clips/clip_sample_011/frame_007.jpg,True,sample_011,new_assignment_04,5edc349bb0898f5afbea67fbca74512d79cc9653e29fa3fec85d4b16acce2378
clip_sample_011,8,62b4446602da44b485ad9141ee4a0f76,de7d80a1f5fb4c3e82ce8a4f213b450a,scene-1094,1542800851512534,0.1001,sweeps/CAM_FRONT/n015-2018-11-21-19-38-26+0800__CAM_FRONT__1542800851512534.jpg,results/clips/clip_sample_011/frame_008.jpg,False,sample_011,new_assignment_04,9b1856398677e008e91418f611f6ec20a1755930cd1ee8f5539307ae5ef8e58e
clip_sample_011,9,724ef7b9cec04bf6b26b34c0007b3e0a,de7d80a1f5fb4c3e82ce8a4f213b450a,scene-1094,1542800851612460,0.0999,sweeps/CAM_FRONT/n015-2018-11-21-19-38-26+0800__CAM_FRONT__1542800851612460.jpg,results/clips/clip_sample_011/frame_009.jpg,False,sample_011,new_assignment_04,5b5c73489a2a582ea8d5e1f119b38562dbeeddacc2ef7a4fbd81b2249193138c
clip_sample_011,10,64a8f8cb082743fcafa4ccfe579bbf85,de7d80a1f5fb4c3e82ce8a4f213b450a,scene-1094,1542800851662460,0.05,sweeps/CAM_FRONT/n015-2018-11-21-19-38-26+0800__CAM_FRONT__1542800851662460.jpg,results/clips/clip_sample_011/frame_010.jpg,False,sample_011,new_assignment_04,13764da3ceaca8c20ea8c22ddab5d9493f9c56bc4b07401d0b15f9c49d9077a8
clip_sample_011,11,8d1308d8ffe54ea1b723b797ddaf8ea6,de7d80a1f5fb4c3e82ce8a4f213b450a,scene-1094,1542800851762460,0.1,sweeps/CAM_FRONT/n015-2018-11-21-19-38-26+0800__CAM_FRONT__1542800851762460.jpg,results/clips/clip_sample_011/frame_011.jpg,False,sample_011,new_assignment_04,b13688b61480cad2b73c37b787eed2c1595e90a8693c4205307204f8ec72aa03
clip_sample_011,12,ed2cc06c278740ebbad77ab55719ce00,de7d80a1f5fb4c3e82ce8a4f213b450a,scene-1094,1542800851862460,0.1,sweeps/CAM_FRONT/n015-2018-11-21-19-38-26+0800__CAM_FRONT__1542800851862460.jpg,results/clips/clip_sample_011/frame_012.jpg,False,sample_011,new_assignment_04,eaa96f7de980e9cf4a48a87482d30fb9d0a2f44c182dbead7c2f6d7fb6be2f61
clip_sample_011,13,886031e85e7a43a49fe3cc374cfd9719,de7d80a1f5fb4c3e82ce8a4f213b450a,scene-1094,1542800851912460,0.05,samples/CAM_FRONT/n015-2018-11-21-19-38-26+0800__CAM_FRONT__1542800851912460.jpg,results/clips/clip_sample_011/frame_013.jpg,True,sample_011,new_assignment_04,e34ed78ae3db875ed7aa2aba5c354a564d238770d5b8938d3a965f575c70a1f9
clip_sample_011,14,4351ac7ad7e64dbd915a7c7f4df4c3cc,de7d80a1f5fb4c3e82ce8a4f213b450a,scene-1094,1542800852012460,0.1,sweeps/CAM_FRONT/n015-2018-11-21-19-38-26+0800__CAM_FRONT__1542800852012460.jpg,results/clips/clip_sample_011/frame_014.jpg,False,sample_011,new_assignment_04,65f4a2686d3b89e15ff2b01879d178ce59feb9077fa0ddb0bbebdfc197eb4372
clip_sample_011,15,544c9cb7238c44a7b008bbaacf90c610,de7d80a1f5fb4c3e82ce8a4f213b450a,scene-1094,1542800852112460,0.1,sweeps/CAM_FRONT/n015-2018-11-21-19-38-26+0800__CAM_FRONT__1542800852112460.jpg,results/clips/clip_sample_011/frame_015.jpg,False,sample_011,new_assignment_04,b819bdbaf2a18fa3b4087dd16fa03749562cf922cf575491b3251c294f097966
clip_sample_011,16,89b012076cb74e099fe194a4a32e6672,de7d80a1f5fb4c3e82ce8a4f213b450a,scene-1094,1542800852162460,0.05,sweeps/CAM_FRONT/n015-2018-11-21-19-38-26+0800__CAM_FRONT__1542800852162460.jpg,results/clips/clip_sample_011/frame_016.jpg,False,sample_011,new_assignment_04,4b12397cf4596773bc05abe0bedda8290c735864cb0bace387990787428c60ad
clip_sample_011,17,a38f0290c7814273a1e92e6f0f72d3af,de7d80a1f5fb4c3e82ce8a4f213b450a,scene-1094,1542800852262460,0.1,sweeps/CAM_FRONT/n015-2018-11-21-19-38-26+0800__CAM_FRONT__1542800852262460.jpg,results/clips/clip_sample_011/frame_017.jpg,False,sample_011,new_assignment_04,5dc47686591e91fab1b5732e464ad684e33068c77d7e90a5c0cdf63ec2ea6ef0
clip_sample_011,18,ba25c1a83b604fd0805b20f95b43b9d9,de7d80a1f5fb4c3e82ce8a4f213b450a,scene-1094,1542800852362460,0.1,sweeps/CAM_FRONT/n015-2018-11-21-19-38-26+0800__CAM_FRONT__1542800852362460.jpg,results/clips/clip_sample_011/frame_018.jpg,False,sample_011,new_assignment_04,0dd300bd2ea69ab71c0b70a6d1437a48d94f75510b2c047811f870381f46bf7a
clip_sample_011,19,3f63e450629640d58fd6b27fcfcbf0c2,de7d80a1f5fb4c3e82ce8a4f213b450a,scene-1094,1542800852412460,0.05,samples/CAM_FRONT/n015-2018-11-21-19-38-26+0800__CAM_FRONT__1542800852412460.jpg,results/clips/clip_sample_011/frame_019.jpg,True,sample_011,new_assignment_04,932f54ea156749bbeeae82ff5eba48418340f22745489e5b6ad1bfc79908938c
clip_sample_011,20,37f5d26f268445db85e2cc2242c8925b,de7d80a1f5fb4c3e82ce8a4f213b450a,scene-1094,1542800852512460,0.1,sweeps/CAM_FRONT/n015-2018-11-21-19-38-26+0800__CAM_FRONT__1542800852512460.jpg,results/clips/clip_sample_011/frame_020.jpg,False,sample_011,new_assignment_04,f16ff5f8626dc2c69dab9002655f8835d43fc52c9ef5c6cd225b47df8900d08e
clip_sample_011,21,420eb710fbd4453fbc6b2cc7517a7c21,de7d80a1f5fb4c3e82ce8a4f213b450a,scene-1094,1542800852612460,0.1,sweeps/CAM_FRONT/n015-2018-11-21-19-38-26+0800__CAM_FRONT__1542800852612460.jpg,results/clips/clip_sample_011/frame_021.jpg,False,sample_011,new_assignment_04,6963a06bed2c59c676327e58f2a5d0d89b06a0a421990469e7883dcae82da56b
clip_sample_011,22,6c7ca231e9564b678551702e4ccdfc3b,de7d80a1f5fb4c3e82ce8a4f213b450a,scene-1094,1542800852662460,0.05,sweeps/CAM_FRONT/n015-2018-11-21-19-38-26+0800__CAM_FRONT__1542800852662460.jpg,results/clips/clip_sample_011/frame_022.jpg,False,sample_011,new_assignment_04,55c17869ad30c43fab20b1512829ce85b7f31748b48947bf1d36a2798a62efcc
clip_sample_011,23,82ab00d1abff41fc9fafb82b35f8984c,de7d80a1f5fb4c3e82ce8a4f213b450a,scene-1094,1542800852762460,0.1,sweeps/CAM_FRONT/n015-2018-11-21-19-38-26+0800__CAM_FRONT__1542800852762460.jpg,results/clips/clip_sample_011/frame_023.jpg,False,sample_011,new_assignment_04,1dbb67fd22d5c7c6ecb80ba540d86807d84ca06129305b4819b99a987f2d6ee9
clip_sample_011,24,5800fdf523ef44ae85cbedb93f2250b3,de7d80a1f5fb4c3e82ce8a4f213b450a,scene-1094,1542800852862460,0.1,sweeps/CAM_FRONT/n015-2018-11-21-19-38-26+0800__CAM_FRONT__1542800852862460.jpg,results/clips/clip_sample_011/frame_024.jpg,False,sample_011,new_assignment_04,a8140762edee85574a7a312fa055ad5797f88cd24a8daacc9f773d1ef3e74eb4
clip_sample_011,25,be6fb7ba760d4c94834582f6ad761252,de7d80a1f5fb4c3e82ce8a4f213b450a,scene-1094,1542800852912460,0.05,samples/CAM_FRONT/n015-2018-11-21-19-38-26+0800__CAM_FRONT__1542800852912460.jpg,results/clips/clip_sample_011/frame_025.jpg,True,sample_011,new_assignment_04,e1b12ab98f8be924fcbd5e04d586f583705d7b24a32bfbad3a7c872d7f0d9120
clip_sample_011,26,080ca7d7d7f74707a36b74a55e70c056,de7d80a1f5fb4c3e82ce8a4f213b450a,scene-1094,1542800853012460,0.1,sweeps/CAM_FRONT/n015-2018-11-21-19-38-26+0800__CAM_FRONT__1542800853012460.jpg,results/clips/clip_sample_011/frame_026.jpg,False,sample_011,new_assignment_04,98d52a3dcd24a4bcfe4437088c4bfed1c108089f430aadf3626767283638c96e
clip_sample_011,27,7b2238a508034700b03885cf76c04840,de7d80a1f5fb4c3e82ce8a4f213b450a,scene-1094,1542800853112460,0.1,sweeps/CAM_FRONT/n015-2018-11-21-19-38-26+0800__CAM_FRONT__1542800853112460.jpg,results/clips/clip_sample_011/frame_027.jpg,False,sample_011,new_assignment_04,46a0e966f54f9184864f2e9879ba9b9ceb8eeaae2c59a0f0d97d745e36a52741
clip_sample_011,28,15a028009a4e440499bb08d314db18e8,de7d80a1f5fb4c3e82ce8a4f213b450a,scene-1094,1542800853162460,0.05,sweeps/CAM_FRONT/n015-2018-11-21-19-38-26+0800__CAM_FRONT__1542800853162460.jpg,results/clips/clip_sample_011/frame_028.jpg,False,sample_011,new_assignment_04,ed744957188a9fc4a33a0ff5d26752f274bf12756aa519b41321eceb91124733
clip_sample_011,29,621bc95c9d3f44c0a77fffe0360f0888,de7d80a1f5fb4c3e82ce8a4f213b450a,scene-1094,1542800853262460,0.1,sweeps/CAM_FRONT/n015-2018-11-21-19-38-26+0800__CAM_FRONT__1542800853262460.jpg,results/clips/clip_sample_011/frame_029.jpg,False,sample_011,new_assignment_04,7ac7ee414ab51ad7e98d107e9144b7c2255a3be8b5b4a3923b6135b69871202d
clip_sample_011,30,0f23b8d8bd9d4e16916a1731a6851896,de7d80a1f5fb4c3e82ce8a4f213b450a,scene-1094,1542800853362460,0.1,sweeps/CAM_FRONT/n015-2018-11-21-19-38-26+0800__CAM_FRONT__1542800853362460.jpg,results/clips/clip_sample_011/frame_030.jpg,False,sample_011,new_assignment_04,96c12e2f4c63bd42b8dbc5a731abbc941339144ce224b274fc6c7d60e83d7348
clip_sample_011,31,41377f1b5cb34525885b97cf94f55f35,de7d80a1f5fb4c3e82ce8a4f213b450a,scene-1094,1542800853412460,0.05,samples/CAM_FRONT/n015-2018-11-21-19-38-26+0800__CAM_FRONT__1542800853412460.jpg,results/clips/clip_sample_011/frame_031.jpg,True,sample_011,new_assignment_04,ca2bfb502adad07951c4e6979851416d69117d3a386affdeaf7856fead9733b3
clip_sample_011,32,a3710bb569e948b9919ba52bbc62dd57,de7d80a1f5fb4c3e82ce8a4f213b450a,scene-1094,1542800853512460,0.1,sweeps/CAM_FRONT/n015-2018-11-21-19-38-26+0800__CAM_FRONT__1542800853512460.jpg,results/clips/clip_sample_011/frame_032.jpg,False,sample_011,new_assignment_04,dcc3d6d6af9f176e940ff8947e4d63602961bc04b27b67872d9af4536cca09f0
clip_sample_011,33,e03501328916493cb09ebbc51bdf153b,de7d80a1f5fb4c3e82ce8a4f213b450a,scene-1094,1542800853612460,0.1,sweeps/CAM_FRONT/n015-2018-11-21-19-38-26+0800__CAM_FRONT__1542800853612460.jpg,results/clips/clip_sample_011/frame_033.jpg,False,sample_011,new_assignment_04,811d7ad388f9ed90c29d649daca87bfe83ecd272f227a84c43e88bfeb602e1ad
clip_sample_011,34,dacfffb16a034f9d91fd8d8c47399add,de7d80a1f5fb4c3e82ce8a4f213b450a,scene-1094,1542800853662460,0.05,sweeps/CAM_FRONT/n015-2018-11-21-19-38-26+0800__CAM_FRONT__1542800853662460.jpg,results/clips/clip_sample_011/frame_034.jpg,False,sample_011,new_assignment_04,adf24904d11b31931bb4c68f00ff842a89c6fa9fc25afd98e36b6b7416c94285
clip_sample_011,35,d2a8ae1317c54eaba407d923f612a387,de7d80a1f5fb4c3e82ce8a4f213b450a,scene-1094,1542800853762460,0.1,sweeps/CAM_FRONT/n015-2018-11-21-19-38-26+0800__CAM_FRONT__1542800853762460.jpg,results/clips/clip_sample_011/frame_035.jpg,False,sample_011,new_assignment_04,1ca04b9af7ad869dd2ee8ecce681299643ff7e5ba8dac57b594667ac3af7637f
clip_sample_011,36,6e669e3cb8e942469f85b48621d68eb5,de7d80a1f5fb4c3e82ce8a4f213b450a,scene-1094,1542800853862460,0.1,sweeps/CAM_FRONT/n015-2018-11-21-19-38-26+0800__CAM_FRONT__1542800853862460.jpg,results/clips/clip_sample_011/frame_036.jpg,False,sample_011,new_assignment_04,ed3246144e66459f1038ab5ac660de4bb23537cad17a54e0f0f7c4333e969d5e
