event_id,method,n_window_frames,n_post_window_frames,window_coverage_rate,window_mean_iou,window_low_score_match_count,post_window_id_continuity_rate
clip_sample_001_track10_complete_absence_w1,bytetrack,1,8,1.0,0.9577,0,1.0
clip_sample_001_track10_complete_absence_w1,high_confidence_sort,1,8,1.0,0.9577,0,1.0
clip_sample_001_track10_complete_absence_w2,bytetrack,2,8,1.0,0.9445,0,1.0
clip_sample_001_track10_complete_absence_w2,high_confidence_sort,2,8,1.0,0.9445,0,1.0
clip_sample_001_track10_complete_absence_w3,bytetrack,3,7,1.0,0.9505,1,1.0
clip_sample_001_track10_complete_absence_w3,high_confidence_sort,3,7,1.0,0.9369,0,1.0
clip_sample_001_track10_complete_absence_w7,bytetrack,7,5,1.0,0.8588,1,1.0
clip_sample_001_track10_complete_absence_w7,high_confidence_sort,7,5,1.0,0.6082,0,0.0
clip_sample_001_track10_confidence_demotion_w1,bytetrack,1,8,1.0,0.9753,1,1.0
clip_sample_001_track10_confidence_demotion_w1,high_confidence_sort,1,8,1.0,0.9577,0,1.0
clip_sample_001_track10_confidence_demotion_w2,bytetrack,2,8,1.0,0.9724,2,1.0
clip_sample_001_track10_confidence_demotion_w2,high_confidence_sort,2,8,1.0,0.9445,0,1.0
clip_sample_001_track10_confidence_demotion_w3,bytetrack,3,7,1.0,0.972,3,1.0
clip_sample_001_track10_confidence_demotion_w3,high_confidence_sort,3,7,1.0,0.9369,0,1.0
clip_sample_001_track3_complete_absence_w1,bytetrack,1,14,1.0,0.9391,1,1.0
clip_sample_001_track3_complete_absence_w1,high_confidence_sort,1,14,1.0,0.8908,0,0.929
clip_sample_001_track3_complete_absence_w2,bytetrack,2,14,1.0,0.9287,1,1.0
clip_sample_001_track3_complete_absence_w2,high_confidence_sort,2,14,1.0,0.9004,0,0.929
clip_sample_001_track3_complete_absence_w3,bytetrack,3,13,1.0,0.9176,2,1.0
clip_sample_001_track3_complete_absence_w3,high_confidence_sort,3,13,1.0,0.8738,0,0.923
clip_sample_001_track3_complete_absence_w7,bytetrack,7,11,1.0,0.9062,4,1.0
clip_sample_001_track3_complete_absence_w7,high_confidence_sort,7,11,0.714,0.8892,0,0.0
clip_sample_001_track3_confidence_demotion_w1,bytetrack,1,14,1.0,0.9225,1,1.0
clip_sample_001_track3_confidence_demotion_w1,high_confidence_sort,1,14,1.0,0.8908,0,0.929
clip_sample_001_track3_confidence_demotion_w2,bytetrack,2,14,1.0,0.9296,2,1.0
clip_sample_001_track3_confidence_demotion_w2,high_confidence_sort,2,14,1.0,0.9004,0,0.929
clip_sample_001_track3_confidence_demotion_w3,bytetrack,3,13,1.0,0.9092,3,1.0
clip_sample_001_track3_confidence_demotion_w3,high_confidence_sort,3,13,1.0,0.8738,0,0.923
clip_sample_001_track9_complete_absence_w1,bytetrack,1,8,1.0,0.8533,0,1.0
clip_sample_001_track9_complete_absence_w1,high_confidence_sort,1,8,1.0,0.8997,0,1.0
clip_sample_001_track9_complete_absence_w2,bytetrack,2,8,1.0,0.8499,0,1.0
clip_sample_001_track9_complete_absence_w2,high_confidence_sort,2,8,1.0,0.9025,0,1.0
clip_sample_001_track9_complete_absence_w3,bytetrack,3,7,1.0,0.8308,0,1.0
clip_sample_001_track9_complete_absence_w3,high_confidence_sort,3,7,1.0,0.8891,0,1.0
clip_sample_001_track9_complete_absence_w7,bytetrack,7,5,1.0,0.615,0,0.0
clip_sample_001_track9_complete_absence_w7,high_confidence_sort,7,5,0.714,0.7078,0,0.0
clip_sample_001_track9_confidence_demotion_w1,bytetrack,1,8,1.0,0.8533,0,1.0
clip_sample_001_track9_confidence_demotion_w1,high_confidence_sort,1,8,1.0,0.8997,0,1.0
clip_sample_001_track9_confidence_demotion_w2,bytetrack,2,8,1.0,0.8499,0,1.0
clip_sample_001_track9_confidence_demotion_w2,high_confidence_sort,2,8,1.0,0.9025,0,1.0
clip_sample_001_track9_confidence_demotion_w3,bytetrack,3,7,1.0,0.8308,0,1.0
clip_sample_001_track9_confidence_demotion_w3,high_confidence_sort,3,7,1.0,0.8891,0,1.0
clip_sample_011_track31_complete_absence_w1,bytetrack,1,7,1.0,0.7651,0,1.0
clip_sample_011_track31_complete_absence_w1,high_confidence_sort,1,7,1.0,0.7651,0,1.0
clip_sample_011_track31_complete_absence_w2,bytetrack,2,7,1.0,0.8329,0,1.0
clip_sample_011_track31_complete_absence_w2,high_confidence_sort,2,7,1.0,0.8329,0,1.0
clip_sample_011_track31_complete_absence_w3,bytetrack,3,6,1.0,0.7815,1,1.0
clip_sample_011_track31_complete_absence_w3,high_confidence_sort,3,6,1.0,0.719,0,1.0
clip_sample_011_track31_complete_absence_w7,bytetrack,7,4,1.0,0.6843,1,0.25
clip_sample_011_track31_complete_absence_w7,high_confidence_sort,7,4,0.714,0.7158,0,0.0
clip_sample_011_track31_confidence_demotion_w1,bytetrack,1,7,1.0,0.8632,1,1.0
clip_sample_011_track31_confidence_demotion_w1,high_confidence_sort,1,7,1.0,0.7651,0,1.0
clip_sample_011_track31_confidence_demotion_w2,bytetrack,2,7,1.0,0.8969,2,1.0
clip_sample_011_track31_confidence_demotion_w2,high_confidence_sort,2,7,1.0,0.8329,0,1.0
clip_sample_011_track31_confidence_demotion_w3,bytetrack,3,6,1.0,0.8205,3,1.0
clip_sample_011_track31_confidence_demotion_w3,high_confidence_sort,3,6,1.0,0.719,0,1.0
clip_sample_011_track32_complete_absence_w1,bytetrack,1,6,1.0,0.7417,0,1.0
clip_sample_011_track32_complete_absence_w1,high_confidence_sort,1,6,1.0,0.7488,0,1.0
clip_sample_011_track32_complete_absence_w2,bytetrack,2,6,1.0,0.7755,0,1.0
clip_sample_011_track32_complete_absence_w2,high_confidence_sort,2,6,1.0,0.6611,0,1.0
clip_sample_011_track32_complete_absence_w3,bytetrack,3,5,1.0,0.7046,0,1.0
clip_sample_011_track32_complete_absence_w3,high_confidence_sort,3,5,1.0,0.5873,0,1.0
clip_sample_011_track32_complete_absence_w7,bytetrack,7,3,0.714,0.7144,0,0.0
clip_sample_011_track32_complete_absence_w7,high_confidence_sort,7,3,0.714,0.7499,0,0.0
clip_sample_011_track32_confidence_demotion_w1,bytetrack,1,6,1.0,0.8454,1,1.0
clip_sample_011_track32_confidence_demotion_w1,high_confidence_sort,1,6,1.0,0.7488,0,1.0
clip_sample_011_track32_confidence_demotion_w2,bytetrack,2,6,1.0,0.8633,2,1.0
clip_sample_011_track32_confidence_demotion_w2,high_confidence_sort,2,6,1.0,0.6611,0,1.0
clip_sample_011_track32_confidence_demotion_w3,bytetrack,3,5,1.0,0.8476,3,1.0
clip_sample_011_track32_confidence_demotion_w3,high_confidence_sort,3,5,1.0,0.5873,0,1.0
