clip,track_id,gap_length,frame_offset_in_gap,variant,center_error_px,iou
clip_sample_001,1,1,0,static_memory,1.6296219742943499,0.969348558149457
clip_sample_001,1,1,0,sort_with_motion,5.615873516788438,0.9006039745801507
clip_sample_001,1,1,0,sort_zero_velocity,2.3292265690312033,0.955495879303824
clip_sample_001,1,2,0,static_memory,1.6296219742943499,0.969348558149457
clip_sample_001,1,2,0,sort_with_motion,5.615873516788438,0.9006039745801507
clip_sample_001,1,2,0,sort_zero_velocity,2.3292265690312033,0.955495879303824
clip_sample_001,1,2,1,static_memory,3.155851887455472,0.912576995384398
clip_sample_001,1,2,1,sort_with_motion,6.792239878838545,0.886820807006768
clip_sample_001,1,2,1,sort_zero_velocity,2.988956045302544,0.918369412349563
clip_sample_001,1,3,0,static_memory,0.5080293101501181,0.9887055237559833
clip_sample_001,1,3,0,sort_with_motion,3.1955716213983396,0.9419331791829291
clip_sample_001,1,3,0,sort_zero_velocity,0.9926505432460674,0.9803670123929351
clip_sample_001,1,3,1,static_memory,1.1318344367342175,0.971556992070582
clip_sample_001,1,3,1,sort_with_motion,9.00977380647564,0.8478212837836961
clip_sample_001,1,3,1,sort_zero_velocity,0.6391089124291842,0.9791408150262878
clip_sample_001,1,3,2,static_memory,3.45252470723237,0.908019119040875
clip_sample_001,1,3,2,sort_with_motion,10.849811837162493,0.8294669479928424
clip_sample_001,1,3,2,sort_zero_velocity,3.6847082604295136,0.9144873054522071
clip_sample_001,1,5,0,static_memory,5.901737714850711,0.8974773912507069
clip_sample_001,1,5,0,sort_with_motion,3.2227436958935725,0.9449229660146489
clip_sample_001,1,5,0,sort_zero_velocity,6.009076806589943,0.8955943983455819
clip_sample_001,1,5,1,static_memory,6.399437291354979,0.8878739861684937
clip_sample_001,1,5,1,sort_with_motion,0.9460240307420059,0.9762600197469233
clip_sample_001,1,5,1,sort_zero_velocity,6.506813771907545,0.8860138885510914
clip_sample_001,1,5,2,static_memory,4.7705955949307866,0.9150775259950493
clip_sample_001,1,5,2,sort_with_motion,3.5154731312673366,0.931558126636273
clip_sample_001,1,5,2,sort_zero_velocity,4.877955207443537,0.9131585082380858
clip_sample_001,1,5,3,static_memory,8.084596161039272,0.8285890108283622
clip_sample_001,1,5,3,sort_with_motion,4.345811186388168,0.9172151677563578
clip_sample_001,1,5,3,sort_zero_velocity,8.18518417840419,0.826884566269729
clip_sample_001,1,5,4,static_memory,11.759521058773272,0.7712801053973197
clip_sample_001,1,5,4,sort_with_motion,3.6465270190828565,0.922334364619235
clip_sample_001,1,5,4,sort_zero_velocity,11.863377508618909,0.769677317983574
clip_sample_001,3,1,0,static_memory,0.19502668115285035,0.9824111975956429
clip_sample_001,3,1,0,sort_with_motion,0.6006950925711706,0.9588589996141116
clip_sample_001,3,1,0,sort_zero_velocity,0.26923420946481713,0.9835442178484471
clip_sample_001,3,2,0,static_memory,0.6266190353702705,0.9645205923128769
clip_sample_001,3,2,0,sort_with_motion,0.6107262863754822,0.9575045850965599
clip_sample_001,3,2,0,sort_zero_velocity,1.212263387414835,0.9333390410374353
clip_sample_001,3,2,1,static_memory,0.7743959122872812,0.9482825333806334
clip_sample_001,3,2,1,sort_with_motion,0.6236779658105611,0.949538401256236
clip_sample_001,3,2,1,sort_zero_velocity,1.3330500319435838,0.9211525155545233
clip_sample_001,3,3,0,static_memory,0.6266190353702705,0.9645205923128769
clip_sample_001,3,3,0,sort_with_motion,0.6107262863754822,0.9575045850965599
clip_sample_001,3,3,0,sort_zero_velocity,1.212263387414835,0.9333390410374353
clip_sample_001,3,3,1,static_memory,0.7743959122872812,0.9482825333806334
clip_sample_001,3,3,1,sort_with_motion,0.6236779658105611,0.949538401256236
clip_sample_001,3,3,1,sort_zero_velocity,1.3330500319435838,0.9211525155545233
clip_sample_001,3,3,2,static_memory,1.961790880661366,0.8745364546669635
clip_sample_001,3,3,2,sort_with_motion,1.1483570597128492,0.9345675300348129
clip_sample_001,3,3,2,sort_zero_velocity,2.54995853751404,0.849012822690212
clip_sample_001,3,5,0,static_memory,2.079632520813632,0.8862745009944231
clip_sample_001,3,5,0,sort_with_motion,1.868768575396051,0.8895897948424343
clip_sample_001,3,5,0,sort_zero_velocity,2.399336601629745,0.8711305553256005
clip_sample_001,3,5,1,static_memory,2.704996974996988,0.8555671893722514
clip_sample_001,3,5,1,sort_with_motion,2.007557880346781,0.8740550097559202
clip_sample_001,3,5,1,sort_zero_velocity,3.022830261056701,0.8407738159333467
clip_sample_001,3,5,2,static_memory,2.835701592500165,0.8408369663248787
clip_sample_001,3,5,2,sort_with_motion,1.7073808351131459,0.8857007528873068
clip_sample_001,3,5,2,sort_zero_velocity,3.148315635553596,0.826341916741591
clip_sample_001,3,5,3,static_memory,4.041386083430014,0.774494467293872
clip_sample_001,3,5,3,sort_with_motion,2.5545130685774793,0.8313817444711542
clip_sample_001,3,5,3,sort_zero_velocity,4.360595379203437,0.7606678366426783
clip_sample_001,3,5,4,static_memory,5.283513473077317,0.7112257910664617
clip_sample_001,3,5,4,sort_with_motion,3.187538570366089,0.7925381135466324
clip_sample_001,3,5,4,sort_zero_velocity,5.598986084175507,0.6980602233354111
clip_sample_001,4,1,0,static_memory,2.0685212392699786,0.9295520528003505
clip_sample_001,4,1,0,sort_with_motion,2.2341595503431506,0.9125067239733444
clip_sample_001,4,1,0,sort_zero_velocity,2.7939750096491642,0.9054243053793573
clip_sample_001,4,2,0,static_memory,2.5371900218910377,0.9127633595026395
clip_sample_001,4,2,0,sort_with_motion,2.311106326216184,0.9155628215071124
clip_sample_001,4,2,0,sort_zero_velocity,2.965713325343505,0.8963479794342076
clip_sample_001,4,2,1,static_memory,4.563362704253636,0.8531623860108917
clip_sample_001,4,2,1,sort_with_motion,3.989002335978495,0.8546602592958968
clip_sample_001,4,2,1,sort_zero_velocity,4.97593683757664,0.838210437036093
clip_sample_001,4,3,0,static_memory,2.5371900218910377,0.9127633595026395
clip_sample_001,4,3,0,sort_with_motion,2.311106326216184,0.9155628215071124
clip_sample_001,4,3,0,sort_zero_velocity,2.965713325343505,0.8963479794342076
clip_sample_001,4,3,1,static_memory,4.563362704253636,0.8531623860108917
clip_sample_001,4,3,1,sort_with_motion,3.989002335978495,0.8546602592958968
clip_sample_001,4,3,1,sort_zero_velocity,4.97593683757664,0.838210437036093
clip_sample_001,4,3,2,static_memory,7.097508736233718,0.7590588924305088
clip_sample_001,4,3,2,sort_with_motion,7.046745426565307,0.7499250972081005
clip_sample_001,4,3,2,sort_zero_velocity,7.434097408379138,0.7527215368816375
clip_sample_001,4,5,0,static_memory,2.1829648710438656,0.9132508728686767
clip_sample_001,4,5,0,sort_with_motion,1.4546773516582892,0.9435712577723891
clip_sample_001,4,5,0,sort_zero_velocity,2.2529443060341756,0.9103435783505633
clip_sample_001,4,5,1,static_memory,4.603099837116667,0.8363891571476536
clip_sample_001,4,5,1,sort_with_motion,3.4005661445576334,0.8825358942332581
clip_sample_001,4,5,1,sort_zero_velocity,4.640374099014539,0.8339699938052031
clip_sample_001,4,5,2,static_memory,6.508628071450031,0.7902519442665474
clip_sample_001,4,5,2,sort_with_motion,5.0813398906811695,0.8312081472858871
clip_sample_001,4,5,2,sort_zero_velocity,6.525152835686624,0.7881396349427043
clip_sample_001,4,5,3,static_memory,8.601056871221816,0.7371377817633393
clip_sample_001,4,5,3,sort_with_motion,7.857979021083634,0.7274577533055467
clip_sample_001,4,5,3,sort_zero_velocity,8.571750644898934,0.7402140487550174
clip_sample_001,4,5,4,static_memory,9.793796141350173,0.713258729897083
clip_sample_001,4,5,4,sort_with_motion,7.911274317657469,0.7367649275375712
clip_sample_001,4,5,4,sort_zero_velocity,9.797779782293983,0.7115588653431262
clip_sample_001,5,1,0,static_memory,2.6151149642461533,0.8818561083803613
clip_sample_001,5,1,0,sort_with_motion,0.16615086672680154,0.9581096520276597
clip_sample_001,5,1,0,sort_zero_velocity,1.704995259404601,0.9167787123573005
clip_sample_001,5,2,0,static_memory,1.5724787601911177,0.9312116315155797
clip_sample_001,5,2,0,sort_with_motion,3.1632188615801797,0.8836138916829263
clip_sample_001,5,2,0,sort_zero_velocity,1.957185929359697,0.9196102083793144
clip_sample_001,5,2,1,static_memory,2.2630307135587295,0.8838995849889125
clip_sample_001,5,2,1,sort_with_motion,2.249575707306126,0.9130068854560347
clip_sample_001,5,2,1,sort_zero_velocity,2.1714377323613925,0.8944624161716432
clip_sample_001,5,3,0,static_memory,1.5724787601911177,0.9312116315155797
clip_sample_001,5,3,0,sort_with_motion,3.1632188615801797,0.8836138916829263
clip_sample_001,5,3,0,sort_zero_velocity,1.957185929359697,0.9196102083793144
clip_sample_001,5,3,1,static_memory,2.2630307135587295,0.8838995849889125
clip_sample_001,5,3,1,sort_with_motion,2.249575707306126,0.9130068854560347
clip_sample_001,5,3,1,sort_zero_velocity,2.1714377323613925,0.8944624161716432
clip_sample_001,5,3,2,static_memory,2.9350795220258736,0.8563211438816498
clip_sample_001,5,3,2,sort_with_motion,3.333707865264537,0.8633088605593954
clip_sample_001,5,3,2,sort_zero_velocity,2.8151198845548073,0.8664779557843986
clip_sample_001,5,5,0,static_memory,0.7978357135759295,0.9632900567547587
clip_sample_001,5,5,0,sort_with_motion,1.2843007270514457,0.9588873516375429
clip_sample_001,5,5,0,sort_zero_velocity,1.3429993884626512,0.9240952548763538
clip_sample_001,5,5,1,static_memory,1.9962854158753953,0.9035332203374146
clip_sample_001,5,5,1,sort_with_motion,4.143001820847578,0.8573692909486622
clip_sample_001,5,5,1,sort_zero_velocity,2.401710532185065,0.8851451816084683
clip_sample_001,5,5,2,static_memory,3.042430149939878,0.8598322714247701
clip_sample_001,5,5,2,sort_with_motion,3.354784808259176,0.8838093818576378
clip_sample_001,5,5,2,sort_zero_velocity,3.578735975256314,0.8466430948516775
clip_sample_001,5,5,3,static_memory,3.704913209158894,0.8332012415572627
clip_sample_001,5,5,3,sort_with_motion,4.517539182391716,0.8318243088099145
clip_sample_001,5,5,3,sort_zero_velocity,4.235687702117042,0.8189222326783804
clip_sample_001,5,5,4,static_memory,5.22146009763816,0.7751412365143179
clip_sample_001,5,5,4,sort_with_motion,5.075084020216734,0.8163042181846512
clip_sample_001,5,5,4,sort_zero_velocity,5.74219991718019,0.7580804263870491
clip_sample_001,6,1,0,static_memory,1.2869248018912507,0.9014778316695026
clip_sample_001,6,1,0,sort_with_motion,0.7192639762499423,0.909296040275136
clip_sample_001,6,1,0,sort_zero_velocity,1.8267663409690222,0.864497014691614
clip_sample_001,6,2,0,static_memory,1.2869248018912507,0.9014778316695026
clip_sample_001,6,2,0,sort_with_motion,0.7192639762499423,0.909296040275136
clip_sample_001,6,2,0,sort_zero_velocity,1.8267663409690222,0.864497014691614
clip_sample_001,6,2,1,static_memory,2.3597030804786114,0.813044802182086
clip_sample_001,6,2,1,sort_with_motion,0.6370121736200665,0.8707670114848528
clip_sample_001,6,2,1,sort_zero_velocity,2.8412913170581877,0.7933417431254477
clip_sample_001,6,3,0,static_memory,2.328513533245179,0.8299291888947905
clip_sample_001,6,3,0,sort_with_motion,1.8551651390050647,0.8513380714364648
clip_sample_001,6,3,0,sort_zero_velocity,2.720166214099239,0.8031592139257725
clip_sample_001,6,3,1,static_memory,3.5741018215896694,0.7519626512947788
clip_sample_001,6,3,1,sort_with_motion,2.1526992172037205,0.8310188478128457
clip_sample_001,6,3,1,sort_zero_velocity,3.956181987661166,0.7370816002599058
clip_sample_001,6,3,2,static_memory,4.549302518519212,0.6904953384694967
clip_sample_001,6,3,2,sort_with_motion,2.0828676323491075,0.8190742458849996
clip_sample_001,6,3,2,sort_zero_velocity,4.913997084257243,0.6831027008858014
clip_sample_001,6,5,0,static_memory,1.6614255255013128,0.8826832765525915
clip_sample_001,6,5,0,sort_with_motion,1.2644982619108578,0.8981614848019027
clip_sample_001,6,5,0,sort_zero_velocity,2.016276748378548,0.842894364913475
clip_sample_001,6,5,1,static_memory,3.9855468283583444,0.7314445146312349
clip_sample_001,6,5,1,sort_with_motion,2.8640834958142625,0.7821946381273304
clip_sample_001,6,5,1,sort_zero_velocity,4.342569784301617,0.7113104495672202
clip_sample_001,6,5,2,static_memory,5.235363049654011,0.6684478857547825
clip_sample_001,6,5,2,sort_with_motion,3.3037194814809867,0.7540588885265376
clip_sample_001,6,5,2,sort_zero_velocity,5.588887227068763,0.6502620037428956
clip_sample_001,6,5,3,static_memory,6.196954515199112,0.61402986207075
clip_sample_001,6,5,3,sort_with_motion,3.3594719976125393,0.757751122815232
clip_sample_001,6,5,3,sort_zero_velocity,6.542567193761463,0.612268619294559
clip_sample_001,6,5,4,static_memory,6.657505272078376,0.5846421924419248
clip_sample_001,6,5,4,sort_with_motion,3.373181411803334,0.7362394268140868
clip_sample_001,6,5,4,sort_zero_velocity,7.012047985648875,0.5730196738041601
clip_sample_001,101,1,0,static_memory,2.086369070017769,0.9049576783870863
clip_sample_001,101,1,0,sort_with_motion,2.2170641620723224,0.9080767310873541
clip_sample_001,101,1,0,sort_zero_velocity,2.070623144701722,0.9051259553050307
clip_sample_001,101,2,0,static_memory,1.457558818820924,0.9331569542920085
clip_sample_001,101,2,0,sort_with_motion,1.0770585295681483,0.9142323834467301
clip_sample_001,101,2,0,sort_zero_velocity,2.3135080045848615,0.8898931367224269
clip_sample_001,101,2,1,static_memory,2.3433322666563314,0.9021850330643184
clip_sample_001,101,2,1,sort_with_motion,1.8624624589540955,0.9154559186346493
clip_sample_001,101,2,1,sort_zero_velocity,3.086939522742538,0.8664462815991234
clip_sample_001,101,3,0,static_memory,1.457558818820924,0.9331569542920085
clip_sample_001,101,3,0,sort_with_motion,1.0770585295681483,0.9142323834467301
clip_sample_001,101,3,0,sort_zero_velocity,2.3135080045848615,0.8898931367224269
clip_sample_001,101,3,1,static_memory,2.3433322666563314,0.9021850330643184
clip_sample_001,101,3,1,sort_with_motion,1.8624624589540955,0.9154559186346493
clip_sample_001,101,3,1,sort_zero_velocity,3.086939522742538,0.8664462815991234
clip_sample_001,101,3,2,static_memory,3.4274574536554936,0.864537685453874
clip_sample_001,101,3,2,sort_with_motion,1.9488431004830484,0.9035039967162657
clip_sample_001,101,3,2,sort_zero_velocity,4.2619736899465535,0.8304497680992098
clip_sample_001,101,5,0,static_memory,1.8770878960295123,0.910419218505767
clip_sample_001,101,5,0,sort_with_motion,2.96096612608029,0.8559025842033219
clip_sample_001,101,5,0,sort_zero_velocity,3.8141571447451184,0.8294304777350627
clip_sample_001,101,5,1,static_memory,3.2633746796903353,0.8509137687279595
clip_sample_001,101,5,1,sort_with_motion,3.484000423290103,0.824150693718128
clip_sample_001,101,5,1,sort_zero_velocity,5.21281309540804,0.7773068297507518
clip_sample_001,101,5,2,static_memory,3.998763331454604,0.8394297798783833
clip_sample_001,101,5,2,sort_with_motion,3.5814901437306497,0.8146464306914408
clip_sample_001,101,5,2,sort_zero_velocity,5.7674901590804195,0.7683112317835723
clip_sample_001,101,5,3,static_memory,5.2165222756411245,0.7889718625344424
clip_sample_001,101,5,3,sort_with_motion,4.03348652216014,0.7943266124070457
clip_sample_001,101,5,3,sort_zero_velocity,7.047773371329467,0.7240946344435816
clip_sample_001,101,5,4,static_memory,5.603681657845562,0.7807703105819095
clip_sample_001,101,5,4,sort_with_motion,4.139214076513571,0.8033893225882525
clip_sample_001,101,5,4,sort_zero_velocity,7.307534123239948,0.7271404373169934
clip_sample_001,107,1,0,static_memory,4.2908415836952,0.9397613867461193
clip_sample_001,107,1,0,sort_with_motion,3.5157332061049873,0.8905972343460967
clip_sample_001,107,1,0,sort_zero_velocity,5.521144783547759,0.8990464042462754
clip_sample_001,107,2,0,static_memory,3.772962625894731,0.9477499171392684
clip_sample_001,107,2,0,sort_with_motion,4.102999591233698,0.885511660576627
clip_sample_001,107,2,0,sort_zero_velocity,5.645242140938083,0.9026974967658659
clip_sample_001,107,2,1,static_memory,8.060242888615665,0.8969362702642004
clip_sample_001,107,2,1,sort_with_motion,6.7910043156154964,0.8340002476881943
clip_sample_001,107,2,1,sort_zero_velocity,9.927633657948254,0.8670131818564623
clip_sample_001,107,3,0,static_memory,3.772962625894731,0.9477499171392684
clip_sample_001,107,3,0,sort_with_motion,4.102999591233698,0.885511660576627
clip_sample_001,107,3,0,sort_zero_velocity,5.645242140938083,0.9026974967658659
clip_sample_001,107,3,1,static_memory,8.060242888615665,0.8969362702642004
clip_sample_001,107,3,1,sort_with_motion,6.7910043156154964,0.8340002476881943
clip_sample_001,107,3,1,sort_zero_velocity,9.927633657948254,0.8670131818564623
clip_sample_001,107,3,2,static_memory,13.339188890792396,0.8344325720214173
clip_sample_001,107,3,2,sort_with_motion,10.308784535775086,0.7881674715304231
clip_sample_001,107,3,2,sort_zero_velocity,15.187471660894719,0.808193895020551
clip_sample_001,107,5,0,static_memory,5.105361004186428,0.9408427194215021
clip_sample_001,107,5,0,sort_with_motion,6.557879063678642,0.8493715864134863
clip_sample_001,107,5,0,sort_zero_velocity,7.18451264929599,0.8802941412999782
clip_sample_001,107,5,1,static_memory,8.860182316360529,0.892347934487988
clip_sample_001,107,5,1,sort_with_motion,9.532510506445941,0.8028987681384624
clip_sample_001,107,5,1,sort_zero_velocity,10.902296746558454,0.8635688410927591
clip_sample_001,107,5,2,static_memory,13.150706248203644,0.8450983130161078
clip_sample_001,107,5,2,sort_with_motion,13.077092926338722,0.7420237029285921
clip_sample_001,107,5,2,sort_zero_velocity,15.183504536269176,0.8115082081444882
clip_sample_001,107,5,3,static_memory,18.421520066485893,0.7867333247029161
clip_sample_001,107,5,3,sort_with_motion,17.439536306566254,0.6873140988464985
clip_sample_001,107,5,3,sort_zero_velocity,20.43618139062712,0.7551715076206621
clip_sample_001,107,5,4,static_memory,22.872963971875077,0.7441908346614572
clip_sample_001,107,5,4,sort_with_motion,21.11299452435239,0.6381286361453614
clip_sample_001,107,5,4,sort_zero_velocity,24.884536060664505,0.7106190262998366
clip_sample_003,273,1,0,static_memory,48.635045551592064,0.7624030742755787
clip_sample_003,273,1,0,sort_with_motion,4.151993122527733,0.9759552950251617
clip_sample_003,273,1,0,sort_zero_velocity,47.23241549352828,0.7683186872636656
clip_sample_003,273,2,0,static_memory,34.803559912065936,0.816856211499309
clip_sample_003,273,2,0,sort_with_motion,4.489510923355163,0.9726429140213736
clip_sample_003,273,2,0,sort_zero_velocity,39.132608213878775,0.7973655035013517
clip_sample_003,273,2,1,static_memory,83.43393949099102,0.6220877425604433
clip_sample_003,273,2,1,sort_with_motion,0.5758151178164324,0.968313981671935
clip_sample_003,273,2,1,sort_zero_velocity,87.7628703260244,0.6073809601825483
clip_sample_003,273,3,0,static_memory,34.803559912065936,0.816856211499309
clip_sample_003,273,3,0,sort_with_motion,4.489510923355163,0.9726429140213736
clip_sample_003,273,3,0,sort_zero_velocity,39.132608213878775,0.7973655035013517
clip_sample_003,273,3,1,static_memory,83.43393949099102,0.6220877425604433
clip_sample_003,273,3,1,sort_with_motion,0.5758151178164324,0.968313981671935
clip_sample_003,273,3,1,sort_zero_velocity,87.7628703260244,0.6073809601825483
clip_sample_003,273,3,2,static_memory,133.49043739413875,0.4623089311053386
clip_sample_003,273,3,2,sort_with_motion,7.043741398630793,0.9571566988682867
clip_sample_003,273,3,2,sort_zero_velocity,137.8194308701117,0.4512125040746582
clip_sample_003,273,5,0,static_memory,54.56686121997225,0.7356254470820219
clip_sample_003,273,5,0,sort_with_motion,14.303875625954785,0.9201199095209723
clip_sample_003,273,5,0,sort_zero_velocity,56.02926582742139,0.729454591378439
clip_sample_003,273,5,1,static_memory,89.36864816309274,0.5986600972286544
clip_sample_003,273,5,1,sort_with_motion,7.400695830446043,0.9516866129715733
clip_sample_003,273,5,1,sort_zero_velocity,90.83160880109256,0.5941333409760058
clip_sample_003,273,5,2,static_memory,138.00079785596233,0.4484481678637649
clip_sample_003,273,5,2,sort_with_motion,14.286538770039533,0.9198410333866102
clip_sample_003,273,5,2,sort_zero_velocity,139.46314770241437,0.4454938479635587
clip_sample_003,273,5,3,static_memory,188.05717636510923,0.32355059965165506
clip_sample_003,273,5,3,sort_with_motion,22.620632958667375,0.8764217655805692
clip_sample_003,273,5,3,sort_zero_velocity,189.51970206328807,0.3217706947896285
clip_sample_003,273,5,4,static_memory,225.9003518902017,0.24201452411659916
clip_sample_003,273,5,4,sort_with_motion,18.760576995733313,0.8888270929372839
clip_sample_003,273,5,4,sort_zero_velocity,227.3631461182887,0.2408712865027553
clip_sample_006,430,1,0,static_memory,52.1959045473582,0.7077106186280681
clip_sample_006,430,1,0,sort_with_motion,12.027641398769124,0.875099762682353
clip_sample_006,430,1,0,sort_zero_velocity,53.995319966392124,0.6791123627580264
clip_sample_006,430,2,0,static_memory,52.1959045473582,0.7077106186280681
clip_sample_006,430,2,0,sort_with_motion,12.027641398769124,0.875099762682353
clip_sample_006,430,2,0,sort_zero_velocity,53.995319966392124,0.6791123627580264
clip_sample_006,430,2,1,static_memory,83.89954400343471,0.5692999520063554
clip_sample_006,430,2,1,sort_with_motion,1.7637215940303927,0.888513852089026
clip_sample_006,430,2,1,sort_zero_velocity,85.6990001849721,0.5454320365036436
clip_sample_006,430,3,0,static_memory,47.2076616903148,0.7341083931343022
clip_sample_006,430,3,0,sort_with_motion,6.293745709191833,0.8944237760951194
clip_sample_006,430,3,0,sort_zero_velocity,47.26405845823434,0.7041772589244022
clip_sample_006,430,3,1,static_memory,99.40324635833475,0.5134430839005973
clip_sample_006,430,3,1,sort_with_motion,17.518133073915163,0.818081629912613
clip_sample_006,430,3,1,sort_zero_velocity,99.45975570534762,0.4969527417642061
clip_sample_006,430,3,2,static_memory,131.10702638745988,0.4037810572871276
clip_sample_006,430,3,2,sort_with_motion,8.251103325005372,0.8320803240748204
clip_sample_006,430,3,2,sort_zero_velocity,131.1635114606176,0.39079716500335276
clip_sample_006,430,5,0,static_memory,35.78081373401562,0.7860681426263574
clip_sample_006,430,5,0,sort_with_motion,0.2817881240597349,0.8910572152094068
clip_sample_006,430,5,0,sort_zero_velocity,41.14410844290304,0.7275259499171758
clip_sample_006,430,5,1,static_memory,82.98834879291557,0.5735081700820489
clip_sample_006,430,5,1,sort_with_motion,6.498489876503936,0.8415903322908966
clip_sample_006,430,5,1,sort_zero_velocity,88.35133509345634,0.5321841966385195
clip_sample_006,430,5,2,static_memory,135.18405036555032,0.39310936828067533
clip_sample_006,430,5,2,sort_with_motion,17.768632865729643,0.7752919712694046
clip_sample_006,430,5,2,sort_zero_velocity,140.5471637647947,0.36439896057718574
clip_sample_006,430,5,3,static_memory,166.8878155341567,0.2995021374889225
clip_sample_006,430,5,3,sort_with_motion,8.546667177661469,0.7520198700047415
clip_sample_006,430,5,3,sort_zero_velocity,172.25087337390804,0.2765021871058323
clip_sample_006,430,5,4,static_memory,210.2779863853729,0.19218713934281584
clip_sample_006,430,5,4,sort_with_motion,11.010452117822833,0.7112184377110987
clip_sample_006,430,5,4,sort_zero_velocity,215.64104661764298,0.17516576203765666
