clip,track_id,class_name,gap_length,frame_offset_in_gap,frame_number,method,has_box,center_error_px,center_error_pct_width,iou,iou_at_least_030,track_id_before_gap,track_id_after_gap,id_continuous,prediction_time_ms
clip_sample_001,1,car,1,0,6,yolo_only,False,,,0.0,False,1,1,True,0.5497
clip_sample_001,1,car,1,0,6,static_memory,True,1.6296219742943499,0.10185137339339687,0.969348558149457,True,1,1,True,0.5497
clip_sample_001,1,car,1,0,6,sort_motion,True,5.615873516788438,0.3509920947992774,0.9006039745801507,True,1,1,True,0.5497
clip_sample_001,1,car,2,0,6,yolo_only,False,,,0.0,False,1,1,True,0.2354
clip_sample_001,1,car,2,0,6,static_memory,True,1.6296219742943499,0.10185137339339687,0.969348558149457,True,1,1,True,0.2354
clip_sample_001,1,car,2,0,6,sort_motion,True,5.615873516788438,0.3509920947992774,0.9006039745801507,True,1,1,True,0.2354
clip_sample_001,1,car,2,1,8,yolo_only,False,,,0.0,False,1,1,True,0.2354
clip_sample_001,1,car,2,1,8,static_memory,True,3.155851887455472,0.197240742965967,0.912576995384398,True,1,1,True,0.2354
clip_sample_001,1,car,2,1,8,sort_motion,True,6.792239878838545,0.42451499242740903,0.886820807006768,True,1,1,True,0.2354
clip_sample_001,1,car,3,0,5,yolo_only,False,,,0.0,False,1,1,True,0.1282
clip_sample_001,1,car,3,0,5,static_memory,True,0.5080293101501181,0.03175183188438238,0.9887055237559833,True,1,1,True,0.1282
clip_sample_001,1,car,3,0,5,sort_motion,True,3.1955716213983396,0.19972322633739623,0.9419331791829291,True,1,1,True,0.1282
clip_sample_001,1,car,3,1,6,yolo_only,False,,,0.0,False,1,1,True,0.1282
clip_sample_001,1,car,3,1,6,static_memory,True,1.1318344367342175,0.07073965229588859,0.971556992070582,True,1,1,True,0.1282
clip_sample_001,1,car,3,1,6,sort_motion,True,9.00977380647564,0.5631108629047274,0.8478212837836961,True,1,1,True,0.1282
clip_sample_001,1,car,3,2,8,yolo_only,False,,,0.0,False,1,1,True,0.1282
clip_sample_001,1,car,3,2,8,static_memory,True,3.45252470723237,0.21578279420202312,0.908019119040875,True,1,1,True,0.1282
clip_sample_001,1,car,3,2,8,sort_motion,True,10.849811837162493,0.6781132398226558,0.8294669479928424,True,1,1,True,0.1282
clip_sample_001,1,car,5,0,4,yolo_only,False,,,0.0,False,1,1,True,0.0489
clip_sample_001,1,car,5,0,4,static_memory,True,5.901737714850711,0.36885860717816943,0.8974773912507069,True,1,1,True,0.0489
clip_sample_001,1,car,5,0,4,sort_motion,True,3.2227436958935725,0.2014214809933483,0.9449229660146489,True,1,1,True,0.0489
clip_sample_001,1,car,5,1,5,yolo_only,False,,,0.0,False,1,1,True,0.0489
clip_sample_001,1,car,5,1,5,static_memory,True,6.399437291354979,0.39996483070968614,0.8878739861684937,True,1,1,True,0.0489
clip_sample_001,1,car,5,1,5,sort_motion,True,0.9460240307420059,0.05912650192137538,0.9762600197469233,True,1,1,True,0.0489
clip_sample_001,1,car,5,2,6,yolo_only,False,,,0.0,False,1,1,True,0.0489
clip_sample_001,1,car,5,2,6,static_memory,True,4.7705955949307866,0.29816222468317416,0.9150775259950493,True,1,1,True,0.0489
clip_sample_001,1,car,5,2,6,sort_motion,True,3.5154731312673366,0.21971707070420854,0.931558126636273,True,1,1,True,0.0489
clip_sample_001,1,car,5,3,8,yolo_only,False,,,0.0,False,1,1,True,0.0489
clip_sample_001,1,car,5,3,8,static_memory,True,8.084596161039272,0.5052872600649545,0.8285890108283622,True,1,1,True,0.0489
clip_sample_001,1,car,5,3,8,sort_motion,True,4.345811186388168,0.2716131991492605,0.9172151677563578,True,1,1,True,0.0489
clip_sample_001,1,car,5,4,9,yolo_only,False,,,0.0,False,1,1,True,0.0489
clip_sample_001,1,car,5,4,9,static_memory,True,11.759521058773272,0.7349700661733295,0.7712801053973197,True,1,1,True,0.0489
clip_sample_001,1,car,5,4,9,sort_motion,True,3.6465270190828565,0.2279079386926785,0.922334364619235,True,1,1,True,0.0489
clip_sample_001,1,car,8,0,3,yolo_only,False,,,0.0,False,1,1,True,0.0295
clip_sample_001,1,car,8,0,3,static_memory,True,3.2228837772500536,0.20143023607812838,0.9389517939925718,True,1,1,True,0.0295
clip_sample_001,1,car,8,0,3,sort_motion,True,1.8248152226041054,0.11405095141275659,0.9655285150767782,True,1,1,True,0.0295
clip_sample_001,1,car,8,1,4,yolo_only,False,,,0.0,False,1,1,True,0.0295
clip_sample_001,1,car,8,1,4,static_memory,True,9.121955168498763,0.5701221980311727,0.8437117214576508,True,1,1,True,0.0295
clip_sample_001,1,car,8,1,4,sort_motion,True,6.331095695845066,0.39569348099031665,0.8911352464107084,True,1,1,True,0.0295
clip_sample_001,1,car,8,2,5,yolo_only,False,,,0.0,False,1,1,True,0.0295
clip_sample_001,1,car,8,2,5,static_memory,True,9.62108259608695,0.6013176622554344,0.8347117223756492,True,1,1,True,0.0295
clip_sample_001,1,car,8,2,5,sort_motion,True,5.433091963304417,0.33956824770652605,0.9060712778173975,True,1,1,True,0.0295
clip_sample_001,1,car,8,3,6,yolo_only,False,,,0.0,False,1,1,True,0.0295
clip_sample_001,1,car,8,3,6,static_memory,True,7.991691225637199,0.49948070160232494,0.859868734002581,True,1,1,True,0.0295
clip_sample_001,1,car,8,3,6,sort_motion,True,2.421401938121581,0.15133762113259883,0.9601889091730909,True,1,1,True,0.0295
clip_sample_001,1,car,8,4,8,yolo_only,False,,,0.0,False,1,1,True,0.0295
clip_sample_001,1,car,8,4,8,static_memory,True,11.175469114044429,0.6984668196277768,0.7792426873137537,True,1,1,True,0.0295
clip_sample_001,1,car,8,4,8,sort_motion,True,4.59324959216544,0.28707809951034,0.8927805877306009,True,1,1,True,0.0295
clip_sample_001,1,car,8,5,9,yolo_only,False,,,0.0,False,1,1,True,0.0295
clip_sample_001,1,car,8,5,9,static_memory,True,14.91132627276573,0.9319578920478583,0.7255810245706754,True,1,1,True,0.0295
clip_sample_001,1,car,8,5,9,sort_motion,True,6.755321303436547,0.4222075814647842,0.8531847752805934,True,1,1,True,0.0295
clip_sample_001,1,car,8,6,10,yolo_only,False,,,0.0,False,1,1,True,0.0295
clip_sample_001,1,car,8,6,10,static_memory,True,13.864512191481001,0.8665320119675626,0.7462981533539779,True,1,1,True,0.0295
clip_sample_001,1,car,8,6,10,sort_motion,True,4.224846288086994,0.2640528930054371,0.9018345184215645,True,1,1,True,0.0295
clip_sample_001,1,car,8,7,11,yolo_only,False,,,0.0,False,1,1,True,0.0295
clip_sample_001,1,car,8,7,11,static_memory,True,14.503382888006348,0.9064614305003967,0.7377653553512297,True,1,1,True,0.0295
clip_sample_001,1,car,8,7,11,sort_motion,True,3.3961305819840173,0.21225816137400108,0.8510834641980097,True,1,1,True,0.0295
clip_sample_001,1,car,10,0,2,yolo_only,False,,,0.0,False,1,1,True,0.0208
clip_sample_001,1,car,10,0,2,static_memory,True,1.4008061821860824,0.08755038638663015,0.9721149170285072,True,1,1,True,0.0208
clip_sample_001,1,car,10,0,2,sort_motion,True,1.4008061821860824,0.08755038638663015,0.9721149170285072,True,1,1,True,0.0208
clip_sample_001,1,car,10,1,3,yolo_only,False,,,0.0,False,1,1,True,0.0208
clip_sample_001,1,car,10,1,3,static_memory,True,4.6233269605779,0.2889579350361188,0.9130237826596089,True,1,1,True,0.0208
clip_sample_001,1,car,10,1,3,sort_motion,True,4.6233269605779,0.2889579350361188,0.9130237826596089,True,1,1,True,0.0208
clip_sample_001,1,car,10,2,4,yolo_only,False,,,0.0,False,1,1,True,0.0208
clip_sample_001,1,car,10,2,4,static_memory,True,10.520577113937717,0.6575360696211073,0.8207750217638806,True,1,1,True,0.0208
clip_sample_001,1,car,10,2,4,sort_motion,True,10.520577113937717,0.6575360696211073,0.8207750217638806,True,1,1,True,0.0208
clip_sample_001,1,car,10,3,5,yolo_only,False,,,0.0,False,1,1,True,0.0208
clip_sample_001,1,car,10,3,5,static_memory,True,11.020368018732558,0.6887730011707849,0.8120343708911751,True,1,1,True,0.0208
clip_sample_001,1,car,10,3,5,sort_motion,True,11.020368018732558,0.6887730011707849,0.8120343708911751,True,1,1,True,0.0208
clip_sample_001,1,car,10,4,6,yolo_only,False,,,0.0,False,1,1,True,0.0208
clip_sample_001,1,car,10,4,6,static_memory,True,9.390823413447174,0.5869264633404484,0.8363263238823125,True,1,1,True,0.0208
clip_sample_001,1,car,10,4,6,sort_motion,True,9.390823413447174,0.5869264633404484,0.8363263238823125,True,1,1,True,0.0208
clip_sample_001,1,car,10,5,8,yolo_only,False,,,0.0,False,1,1,True,0.0208
clip_sample_001,1,car,10,5,8,static_memory,True,12.547376694447575,0.7842110434029735,0.7582361774109688,True,1,1,True,0.0208
clip_sample_001,1,car,10,5,8,sort_motion,True,12.547376694447575,0.7842110434029735,0.7582361774109688,True,1,1,True,0.0208
clip_sample_001,1,car,10,6,9,yolo_only,False,,,0.0,False,1,1,True,0.0208
clip_sample_001,1,car,10,6,9,static_memory,True,16.295925808622588,1.0184953630389117,0.7060926493708154,True,1,1,True,0.0208
clip_sample_001,1,car,10,6,9,sort_motion,True,16.295925808622588,1.0184953630389117,0.7060926493708154,True,1,1,True,0.0208
clip_sample_001,1,car,10,7,10,yolo_only,False,,,0.0,False,1,1,True,0.0208
clip_sample_001,1,car,10,7,10,static_memory,True,15.259328932087975,0.9537080582554985,0.7259677576091492,True,1,1,True,0.0208
clip_sample_001,1,car,10,7,10,sort_motion,True,15.259328932087975,0.9537080582554985,0.7259677576091492,True,1,1,True,0.0208
clip_sample_001,1,car,10,8,11,yolo_only,False,,,0.0,False,1,1,True,0.0208
clip_sample_001,1,car,10,8,11,static_memory,True,15.90192945736362,0.9938705910852262,0.7174367799031126,True,1,1,True,0.0208
clip_sample_001,1,car,10,8,11,sort_motion,True,15.90192945736362,0.9938705910852262,0.7174367799031126,True,1,1,True,0.0208
clip_sample_001,1,car,10,9,12,yolo_only,False,,,0.0,False,1,1,True,0.0208
clip_sample_001,1,car,10,9,12,static_memory,True,12.939225032151164,0.8087015645094477,0.6423368537851952,True,1,1,True,0.0208
clip_sample_001,1,car,10,9,12,sort_motion,True,12.939225032151164,0.8087015645094477,0.6423368537851952,True,1,1,True,0.0208
clip_sample_001,3,car,1,0,12,yolo_only,False,,,0.0,False,3,3,True,0.6044
clip_sample_001,3,car,1,0,12,static_memory,True,0.19502668115285035,0.012189167572053147,0.9824111975956429,True,3,3,True,0.6044
clip_sample_001,3,car,1,0,12,sort_motion,True,0.6006950925711706,0.03754344328569816,0.9588589996141116,True,3,3,True,0.6044
clip_sample_001,3,car,2,0,11,yolo_only,False,,,0.0,False,3,3,True,0.2879
clip_sample_001,3,car,2,0,11,static_memory,True,0.6266190353702705,0.03916368971064191,0.9645205923128769,True,3,3,True,0.2879
clip_sample_001,3,car,2,0,11,sort_motion,True,0.6107262863754822,0.03817039289846764,0.9575045850965599,True,3,3,True,0.2879
clip_sample_001,3,car,2,1,12,yolo_only,False,,,0.0,False,3,3,True,0.2879
clip_sample_001,3,car,2,1,12,static_memory,True,0.7743959122872812,0.048399744517955076,0.9482825333806334,True,3,3,True,0.2879
clip_sample_001,3,car,2,1,12,sort_motion,True,0.6236779658105611,0.03897987286316007,0.949538401256236,True,3,3,True,0.2879
clip_sample_001,3,car,3,0,11,yolo_only,False,,,0.0,False,3,3,True,0.3252
clip_sample_001,3,car,3,0,11,static_memory,True,0.6266190353702705,0.03916368971064191,0.9645205923128769,True,3,3,True,0.3252
clip_sample_001,3,car,3,0,11,sort_motion,True,0.6107262863754822,0.03817039289846764,0.9575045850965599,True,3,3,True,0.3252
clip_sample_001,3,car,3,1,12,yolo_only,False,,,0.0,False,3,3,True,0.3252
clip_sample_001,3,car,3,1,12,static_memory,True,0.7743959122872812,0.048399744517955076,0.9482825333806334,True,3,3,True,0.3252
clip_sample_001,3,car,3,1,12,sort_motion,True,0.6236779658105611,0.03897987286316007,0.949538401256236,True,3,3,True,0.3252
clip_sample_001,3,car,3,2,13,yolo_only,False,,,0.0,False,3,3,True,0.3252
clip_sample_001,3,car,3,2,13,static_memory,True,1.961790880661366,0.12261193004133539,0.8745364546669635,True,3,3,True,0.3252
clip_sample_001,3,car,3,2,13,sort_motion,True,1.1483570597128492,0.07177231623205307,0.9345675300348129,True,3,3,True,0.3252
clip_sample_001,3,car,5,0,10,yolo_only,False,,,0.0,False,3,3,True,0.1626
clip_sample_001,3,car,5,0,10,static_memory,True,2.079632520813632,0.129977032550852,0.8862745009944231,True,3,3,True,0.1626
clip_sample_001,3,car,5,0,10,sort_motion,True,1.868768575396051,0.11679803596225319,0.8895897948424343,True,3,3,True,0.1626
clip_sample_001,3,car,5,1,11,yolo_only,False,,,0.0,False,3,3,True,0.1626
clip_sample_001,3,car,5,1,11,static_memory,True,2.704996974996988,0.16906231093731175,0.8555671893722514,True,3,3,True,0.1626
clip_sample_001,3,car,5,1,11,sort_motion,True,2.007557880346781,0.12547236752167382,0.8740550097559202,True,3,3,True,0.1626
clip_sample_001,3,car,5,2,12,yolo_only,False,,,0.0,False,3,3,True,0.1626
clip_sample_001,3,car,5,2,12,static_memory,True,2.835701592500165,0.17723134953126032,0.8408369663248787,True,3,3,True,0.1626
clip_sample_001,3,car,5,2,12,sort_motion,True,1.7073808351131459,0.10671130219457163,0.8857007528873068,True,3,3,True,0.1626
clip_sample_001,3,car,5,3,13,yolo_only,False,,,0.0,False,3,3,True,0.1626
clip_sample_001,3,car,5,3,13,static_memory,True,4.041386083430014,0.2525866302143759,0.774494467293872,True,3,3,True,0.1626
clip_sample_001,3,car,5,3,13,sort_motion,True,2.5545130685774793,0.15965706678609246,0.8313817444711542,True,3,3,True,0.1626
clip_sample_001,3,car,5,4,14,yolo_only,False,,,0.0,False,3,3,True,0.1626
clip_sample_001,3,car,5,4,14,static_memory,True,5.283513473077317,0.3302195920673323,0.7112257910664617,True,3,3,True,0.1626
clip_sample_001,3,car,5,4,14,sort_motion,True,3.187538570366089,0.1992211606478806,0.7925381135466324,True,3,3,True,0.1626
clip_sample_001,3,car,8,0,8,yolo_only,False,,,0.0,False,3,3,True,0.0654
clip_sample_001,3,car,8,0,8,static_memory,True,0.8574705132298924,0.05359190707686827,0.9421819899050301,True,3,3,True,0.0654
clip_sample_001,3,car,8,0,8,sort_motion,True,0.7802414430999637,0.04876509019374773,0.9479407611826398,True,3,3,True,0.0654
clip_sample_001,3,car,8,1,9,yolo_only,False,,,0.0,False,3,3,True,0.0654
clip_sample_001,3,car,8,1,9,static_memory,True,2.1710273261222186,0.13568920788263866,0.8722272958140259,True,3,3,True,0.0654
clip_sample_001,3,car,8,1,9,sort_motion,True,1.6790257820794812,0.10493911137996756,0.8945669795638863,True,3,3,True,0.0654
clip_sample_001,3,car,8,2,10,yolo_only,False,,,0.0,False,3,3,True,0.0654
clip_sample_001,3,car,8,2,10,static_memory,True,4.24119347726592,0.26507459232912,0.7733782396119033,True,3,3,True,0.0654
clip_sample_001,3,car,8,2,10,sort_motion,True,3.4182067910058698,0.21363792443786686,0.8002404589336618,True,3,3,True,0.0654
clip_sample_001,3,car,8,3,11,yolo_only,False,,,0.0,False,3,3,True,0.0654
clip_sample_001,3,car,8,3,11,static_memory,True,4.867808168992998,0.3042380105620624,0.7466218626913292,True,3,3,True,0.0654
clip_sample_001,3,car,8,3,11,sort_motion,True,3.791095794779172,0.23694348717369826,0.7742776475881162,True,3,3,True,0.0654
clip_sample_001,3,car,8,4,12,yolo_only,False,,,0.0,False,3,3,True,0.0654
clip_sample_001,3,car,8,4,12,static_memory,True,5.004167086882156,0.3127604429301348,0.7339023062834449,True,3,3,True,0.0654
clip_sample_001,3,car,8,4,12,sort_motion,True,3.6971563233042746,0.23107227020651716,0.7722443926650414,True,3,3,True,0.0654
clip_sample_001,3,car,8,5,13,yolo_only,False,,,0.0,False,3,3,True,0.0654
clip_sample_001,3,car,8,5,13,static_memory,True,6.199028961126476,0.3874393100704048,0.6747865739956032,True,3,3,True,0.0654
clip_sample_001,3,car,8,5,13,sort_motion,True,4.748843481625367,0.29680271760158544,0.7123257436436448,True,3,3,True,0.0654
clip_sample_001,3,car,8,6,14,yolo_only,False,,,0.0,False,3,3,True,0.0654
clip_sample_001,3,car,8,6,14,static_memory,True,7.446743059150117,0.4654214411968823,0.6185381427649266,True,3,3,True,0.0654
clip_sample_001,3,car,8,6,14,sort_motion,True,5.61381515767524,0.3508634473547025,0.666372117139255,True,3,3,True,0.0654
clip_sample_001,3,car,8,7,15,yolo_only,False,,,0.0,False,3,3,True,0.0654
clip_sample_001,3,car,8,7,15,static_memory,True,9.83859576143578,0.6149122350897362,0.5357147393229359,True,3,3,True,0.0654
clip_sample_001,3,car,8,7,15,sort_motion,True,7.14667509748575,0.44666719359285934,0.6041302519107051,True,3,3,True,0.0654
clip_sample_001,3,car,10,0,7,yolo_only,False,,,0.0,False,3,3,True,0.0495
clip_sample_001,3,car,10,0,7,static_memory,True,1.019843471828155,0.06374021698925969,0.9360332333466115,True,3,3,True,0.0495
clip_sample_001,3,car,10,0,7,sort_motion,True,0.5998151459398621,0.03748844662124138,0.962311849001904,True,3,3,True,0.0495
clip_sample_001,3,car,10,1,8,yolo_only,False,,,0.0,False,3,3,True,0.0495
clip_sample_001,3,car,10,1,8,static_memory,True,1.8504985605085804,0.11565616003178626,0.8879475705833354,True,3,3,True,0.0495
clip_sample_001,3,car,10,1,8,sort_motion,True,1.2918065441514788,0.08073790900946742,0.9165855189841969,True,3,3,True,0.0495
clip_sample_001,3,car,10,2,9,yolo_only,False,,,0.0,False,3,3,True,0.0495
clip_sample_001,3,car,10,2,9,static_memory,True,3.1657347938320903,0.19785842461450565,0.8222776144900811,True,3,3,True,0.0495
clip_sample_001,3,car,10,2,9,sort_motion,True,2.2966869017759595,0.14354293136099747,0.8593894649837389,True,3,3,True,0.0495
clip_sample_001,3,car,10,3,10,yolo_only,False,,,0.0,False,3,3,True,0.0495
clip_sample_001,3,car,10,3,10,static_memory,True,5.215194347135658,0.32594964669597865,0.7291307939132012,True,3,3,True,0.0495
clip_sample_001,3,car,10,3,10,sort_motion,True,4.13149274820416,0.25821829676276,0.7635796613545308,True,3,3,True,0.0495
clip_sample_001,3,car,10,4,11,yolo_only,False,,,0.0,False,3,3,True,0.0495
clip_sample_001,3,car,10,4,11,static_memory,True,5.840796383156521,0.36504977394728255,0.7038953330911597,True,3,3,True,0.0495
clip_sample_001,3,car,10,4,11,sort_motion,True,4.598466081768506,0.2874041301105316,0.7339412105069405,True,3,3,True,0.0495
clip_sample_001,3,car,10,5,12,yolo_only,False,,,0.0,False,3,3,True,0.0495
clip_sample_001,3,car,10,5,12,static_memory,True,5.984522943355781,0.3740326839597363,0.6919323427823545,True,3,3,True,0.0495
clip_sample_001,3,car,10,5,12,sort_motion,True,4.590875088894707,0.2869296930559192,0.7270994896725704,True,3,3,True,0.0495
clip_sample_001,3,car,10,6,13,yolo_only,False,,,0.0,False,3,3,True,0.0495
clip_sample_001,3,car,10,6,13,static_memory,True,7.1628044702979325,0.4476752793936208,0.6356451902147832,True,3,3,True,0.0495
clip_sample_001,3,car,10,6,13,sort_motion,True,5.731165052749371,0.3581978157968357,0.6654727111144954,True,3,3,True,0.0495
clip_sample_001,3,car,10,7,14,yolo_only,False,,,0.0,False,3,3,True,0.0495
clip_sample_001,3,car,10,7,14,static_memory,True,8.414831214981259,0.5259269509363287,0.5821413050314462,True,3,3,True,0.0495
clip_sample_001,3,car,10,7,14,sort_motion,True,6.69602341821377,0.4185014636383606,0.617258765510692,True,3,3,True,0.0495
clip_sample_001,3,car,10,8,15,yolo_only,False,,,0.0,False,3,3,True,0.0495
clip_sample_001,3,car,10,8,15,static_memory,True,10.828153536163803,0.6767595960102377,0.5033320799735123,True,3,3,True,0.0495
clip_sample_001,3,car,10,8,15,sort_motion,True,8.334595144149079,0.5209121965093174,0.5535728144391072,True,3,3,True,0.0495
clip_sample_001,3,car,10,9,16,yolo_only,False,,,0.0,False,3,3,True,0.0495
clip_sample_001,3,car,10,9,16,static_memory,True,12.062022028971523,0.7538763768107202,0.45429824766724625,True,3,3,True,0.0495
clip_sample_001,3,car,10,9,16,sort_motion,True,9.023340090547887,0.5639587556592429,0.5252344298496175,True,3,3,True,0.0495
clip_sample_001,4,car,1,0,10,yolo_only,False,,,0.0,False,4,4,True,0.5493
clip_sample_001,4,car,1,0,10,static_memory,True,2.0685212392699786,0.12928257745437366,0.9295520528003505,True,4,4,True,0.5493
clip_sample_001,4,car,1,0,10,sort_motion,True,2.2341595503431506,0.1396349718964469,0.9125067239733444,True,4,4,True,0.5493
clip_sample_001,4,car,2,0,9,yolo_only,False,,,0.0,False,4,4,True,0.2294
clip_sample_001,4,car,2,0,9,static_memory,True,2.5371900218910377,0.15857437636818986,0.9127633595026395,True,4,4,True,0.2294
clip_sample_001,4,car,2,0,9,sort_motion,True,2.311106326216184,0.1444441453885115,0.9155628215071124,True,4,4,True,0.2294
clip_sample_001,4,car,2,1,10,yolo_only,False,,,0.0,False,4,4,True,0.2294
clip_sample_001,4,car,2,1,10,static_memory,True,4.563362704253636,0.2852101690158523,0.8531623860108917,True,4,4,True,0.2294
clip_sample_001,4,car,2,1,10,sort_motion,True,3.989002335978495,0.24931264599865594,0.8546602592958968,True,4,4,True,0.2294
clip_sample_001,4,car,3,0,9,yolo_only,False,,,0.0,False,4,4,True,0.1565
clip_sample_001,4,car,3,0,9,static_memory,True,2.5371900218910377,0.15857437636818986,0.9127633595026395,True,4,4,True,0.1565
clip_sample_001,4,car,3,0,9,sort_motion,True,2.311106326216184,0.1444441453885115,0.9155628215071124,True,4,4,True,0.1565
clip_sample_001,4,car,3,1,10,yolo_only,False,,,0.0,False,4,4,True,0.1565
clip_sample_001,4,car,3,1,10,static_memory,True,4.563362704253636,0.2852101690158523,0.8531623860108917,True,4,4,True,0.1565
clip_sample_001,4,car,3,1,10,sort_motion,True,3.989002335978495,0.24931264599865594,0.8546602592958968,True,4,4,True,0.1565
clip_sample_001,4,car,3,2,11,yolo_only,False,,,0.0,False,4,4,True,0.1565
clip_sample_001,4,car,3,2,11,static_memory,True,7.097508736233718,0.44359429601460737,0.7590588924305088,True,4,4,True,0.1565
clip_sample_001,4,car,3,2,11,sort_motion,True,7.046745426565307,0.4404215891603317,0.7499250972081005,True,4,4,True,0.1565
clip_sample_001,4,car,5,0,8,yolo_only,False,,,0.0,False,4,4,True,0.0909
clip_sample_001,4,car,5,0,8,static_memory,True,2.1829648710438656,0.1364353044402416,0.9132508728686767,True,4,4,True,0.0909
clip_sample_001,4,car,5,0,8,sort_motion,True,1.4546773516582892,0.09091733447864307,0.9435712577723891,True,4,4,True,0.0909
clip_sample_001,4,car,5,1,9,yolo_only,False,,,0.0,False,4,4,True,0.0909
clip_sample_001,4,car,5,1,9,static_memory,True,4.603099837116667,0.2876937398197917,0.8363891571476536,True,4,4,True,0.0909
clip_sample_001,4,car,5,1,9,sort_motion,True,3.4005661445576334,0.2125353840348521,0.8825358942332581,True,4,4,True,0.0909
clip_sample_001,4,car,5,2,10,yolo_only,False,,,0.0,False,4,4,True,0.0909
clip_sample_001,4,car,5,2,10,static_memory,True,6.508628071450031,0.4067892544656269,0.7902519442665474,True,4,4,True,0.0909
clip_sample_001,4,car,5,2,10,sort_motion,True,5.0813398906811695,0.3175837431675731,0.8312081472858871,True,4,4,True,0.0909
clip_sample_001,4,car,5,3,11,yolo_only,False,,,0.0,False,4,4,True,0.0909
clip_sample_001,4,car,5,3,11,static_memory,True,8.601056871221816,0.5375660544513635,0.7371377817633393,True,4,4,True,0.0909
clip_sample_001,4,car,5,3,11,sort_motion,True,7.857979021083634,0.49112368881772706,0.7274577533055467,True,4,4,True,0.0909
clip_sample_001,4,car,5,4,12,yolo_only,False,,,0.0,False,4,4,True,0.0909
clip_sample_001,4,car,5,4,12,static_memory,True,9.793796141350173,0.6121122588343858,0.713258729897083,True,4,4,True,0.0909
clip_sample_001,4,car,5,4,12,sort_motion,True,7.911274317657469,0.4944546448535918,0.7367649275375712,True,4,4,True,0.0909
clip_sample_001,4,car,8,0,6,yolo_only,False,,,0.0,False,4,4,True,0.0482
clip_sample_001,4,car,8,0,6,static_memory,True,0.4114260218193141,0.025714126363707134,0.9818672163121694,True,4,4,True,0.0482
clip_sample_001,4,car,8,0,6,sort_motion,True,1.0078175267418916,0.06298859542136823,0.9584693852184633,True,4,4,True,0.0482
clip_sample_001,4,car,8,1,7,yolo_only,False,,,0.0,False,4,4,True,0.0482
clip_sample_001,4,car,8,1,7,static_memory,True,1.7297964256596585,0.10811227660372867,0.9430484027998379,True,4,4,True,0.0482
clip_sample_001,4,car,8,1,7,sort_motion,True,0.8448872859341383,0.05280545537088364,0.9619221245293333,True,4,4,True,0.0482
clip_sample_001,4,car,8,2,8,yolo_only,False,,,0.0,False,4,4,True,0.0482
clip_sample_001,4,car,8,2,8,static_memory,True,3.6455234911856382,0.22784521819910242,0.8625991749636561,True,4,4,True,0.0482
clip_sample_001,4,car,8,2,8,sort_motion,True,0.4872701976645516,0.030454387354034478,0.9593957798126487,True,4,4,True,0.0482
clip_sample_001,4,car,8,3,9,yolo_only,False,,,0.0,False,4,4,True,0.0482
clip_sample_001,4,car,8,3,9,static_memory,True,5.73789268778857,0.3586182929867856,0.7915429899212264,True,4,4,True,0.0482
clip_sample_001,4,car,8,3,9,sort_motion,True,2.211551211164765,0.1382219506977978,0.9285210266832169,True,4,4,True,0.0482
clip_sample_001,4,car,8,4,10,yolo_only,False,,,0.0,False,4,4,True,0.0482
clip_sample_001,4,car,8,4,10,static_memory,True,7.40424394802599,0.4627652467516244,0.7488459070945658,True,4,4,True,0.0482
clip_sample_001,4,car,8,4,10,sort_motion,True,3.821635759094218,0.2388522349433886,0.864406866761913,True,4,4,True,0.0482
clip_sample_001,4,car,8,5,11,yolo_only,False,,,0.0,False,4,4,True,0.0482
clip_sample_001,4,car,8,5,11,static_memory,True,8.953577487652389,0.5595985929782743,0.7363500880316654,True,4,4,True,0.0482
clip_sample_001,4,car,8,5,11,sort_motion,True,6.782436050053321,0.4239022531283326,0.760232642101395,True,4,4,True,0.0482
clip_sample_001,4,car,8,6,12,yolo_only,False,,,0.0,False,4,4,True,0.0482
clip_sample_001,4,car,8,6,12,static_memory,True,10.509793649722996,0.6568621031076872,0.676737804317173,True,4,4,True,0.0482
clip_sample_001,4,car,8,6,12,sort_motion,True,6.468256188932105,0.40426601180825655,0.7745285733919215,True,4,4,True,0.0482
clip_sample_001,4,car,8,7,13,yolo_only,False,,,0.0,False,4,4,True,0.0482
clip_sample_001,4,car,8,7,13,static_memory,True,12.154527397757956,0.7596579623598723,0.621100042343386,True,4,4,True,0.0482
clip_sample_001,4,car,8,7,13,sort_motion,True,5.656888632097866,0.3535555395061166,0.8212513783157668,True,4,4,True,0.0482
clip_sample_001,4,car,10,0,5,yolo_only,False,,,0.0,False,4,4,True,0.0355
clip_sample_001,4,car,10,0,5,static_memory,True,0.8861342275840108,0.055383389224000684,0.9636301801659329,True,4,4,True,0.0355
clip_sample_001,4,car,10,0,5,sort_motion,True,0.266357563346907,0.01664734770918169,0.9699501357407343,True,4,4,True,0.0355
clip_sample_001,4,car,10,1,6,yolo_only,False,,,0.0,False,4,4,True,0.0355
clip_sample_001,4,car,10,1,6,static_memory,True,1.01585152895023,0.06349072055938937,0.9589073859712925,True,4,4,True,0.0355
clip_sample_001,4,car,10,1,6,sort_motion,True,1.0546034318763202,0.06591271449227001,0.9397408433918758,True,4,4,True,0.0355
clip_sample_001,4,car,10,2,7,yolo_only,False,,,0.0,False,4,4,True,0.0355
clip_sample_001,4,car,10,2,7,static_memory,True,2.5087252566633573,0.15679532854145983,0.9092803687472472,True,4,4,True,0.0355
clip_sample_001,4,car,10,2,7,sort_motion,True,0.7388586023274746,0.04617866264546716,0.9398048838049753,True,4,4,True,0.0355
clip_sample_001,4,car,10,3,8,yolo_only,False,,,0.0,False,4,4,True,0.0355
clip_sample_001,4,car,10,3,8,static_memory,True,4.5190589692023435,0.28244118557514647,0.8324407501083269,True,4,4,True,0.0355
clip_sample_001,4,car,10,3,8,sort_motion,True,0.5577878285842417,0.034861739286515106,0.9261084488248418,True,4,4,True,0.0355
clip_sample_001,4,car,10,4,9,yolo_only,False,,,0.0,False,4,4,True,0.0355
clip_sample_001,4,car,10,4,9,static_memory,True,6.61785061312241,0.4136156633201506,0.7646709032233548,True,4,4,True,0.0355
clip_sample_001,4,car,10,4,9,sort_motion,True,2.53208698792068,0.1582554367450425,0.9061519070671512,True,4,4,True,0.0355
clip_sample_001,4,car,10,5,10,yolo_only,False,,,0.0,False,4,4,True,0.0355
clip_sample_001,4,car,10,5,10,static_memory,True,8.251291390558906,0.5157057119099316,0.7238680968608866,True,4,4,True,0.0355
clip_sample_001,4,car,10,5,10,sort_motion,True,4.283036248937148,0.26768976555857177,0.8472108152198567,True,4,4,True,0.0355
clip_sample_001,4,car,10,6,11,yolo_only,False,,,0.0,False,4,4,True,0.0355
clip_sample_001,4,car,10,6,11,static_memory,True,9.667937401510283,0.6042460875943927,0.714698059192513,True,4,4,True,0.0355
clip_sample_001,4,car,10,6,11,sort_motion,True,7.410310443061018,0.4631444026913136,0.7440846942197864,True,4,4,True,0.0355
clip_sample_001,4,car,10,7,12,yolo_only,False,,,0.0,False,4,4,True,0.0355
clip_sample_001,4,car,10,7,12,static_memory,True,11.31075887375178,0.7069224296094863,0.6544465544911466,True,4,4,True,0.0355
clip_sample_001,4,car,10,7,12,sort_motion,True,7.108495438983627,0.4442809649364767,0.7563763918938173,True,4,4,True,0.0355
clip_sample_001,4,car,10,8,13,yolo_only,False,,,0.0,False,4,4,True,0.0355
clip_sample_001,4,car,10,8,13,static_memory,True,13.019189426592435,0.8136993391620271,0.6012038668861426,True,4,4,True,0.0355
clip_sample_001,4,car,10,8,13,sort_motion,True,6.204983862438798,0.3878114914024249,0.7999346851812119,True,4,4,True,0.0355
clip_sample_001,4,car,10,9,14,yolo_only,False,,,0.0,False,4,4,True,0.0355
clip_sample_001,4,car,10,9,14,static_memory,True,13.527901727910923,0.8454938579944328,0.6011332867990096,True,4,4,True,0.0355
clip_sample_001,4,car,10,9,14,sort_motion,True,8.293193847368583,0.5183246154605364,0.724162651207166,True,4,4,True,0.0355
clip_sample_001,5,car,1,0,13,yolo_only,False,,,0.0,False,5,5,True,0.602
clip_sample_001,5,car,1,0,13,static_memory,True,2.6151149642461533,0.16344468526538458,0.8818561083803613,True,5,5,True,0.602
clip_sample_001,5,car,1,0,13,sort_motion,True,0.16615086672680154,0.010384429170425096,0.9581096520276597,True,5,5,True,0.602
clip_sample_001,5,car,2,0,12,yolo_only,False,,,0.0,False,5,5,True,0.2801
clip_sample_001,5,car,2,0,12,static_memory,True,1.5724787601911177,0.09827992251194487,0.9312116315155797,True,5,5,True,0.2801
clip_sample_001,5,car,2,0,12,sort_motion,True,3.1632188615801797,0.19770117884876123,0.8836138916829263,True,5,5,True,0.2801
clip_sample_001,5,car,2,1,13,yolo_only,False,,,0.0,False,5,5,True,0.2801
clip_sample_001,5,car,2,1,13,static_memory,True,2.2630307135587295,0.1414394195974206,0.8838995849889125,True,5,5,True,0.2801
clip_sample_001,5,car,2,1,13,sort_motion,True,2.249575707306126,0.1405984817066329,0.9130068854560347,True,5,5,True,0.2801
clip_sample_001,5,car,3,0,12,yolo_only,False,,,0.0,False,5,5,True,0.1894
clip_sample_001,5,car,3,0,12,static_memory,True,1.5724787601911177,0.09827992251194487,0.9312116315155797,True,5,5,True,0.1894
clip_sample_001,5,car,3,0,12,sort_motion,True,3.1632188615801797,0.19770117884876123,0.8836138916829263,True,5,5,True,0.1894
clip_sample_001,5,car,3,1,13,yolo_only,False,,,0.0,False,5,5,True,0.1894
clip_sample_001,5,car,3,1,13,static_memory,True,2.2630307135587295,0.1414394195974206,0.8838995849889125,True,5,5,True,0.1894
clip_sample_001,5,car,3,1,13,sort_motion,True,2.249575707306126,0.1405984817066329,0.9130068854560347,True,5,5,True,0.1894
clip_sample_001,5,car,3,2,14,yolo_only,False,,,0.0,False,5,5,True,0.1894
clip_sample_001,5,car,3,2,14,static_memory,True,2.9350795220258736,0.1834424701266171,0.8563211438816498,True,5,5,True,0.1894
clip_sample_001,5,car,3,2,14,sort_motion,True,3.333707865264537,0.20835674157903356,0.8633088605593954,True,5,5,True,0.1894
clip_sample_001,5,car,5,0,11,yolo_only,False,,,0.0,False,5,5,True,0.1668
clip_sample_001,5,car,5,0,11,static_memory,True,0.7978357135759295,0.04986473209849559,0.9632900567547587,True,5,5,True,0.1668
clip_sample_001,5,car,5,0,11,sort_motion,True,1.2843007270514457,0.08026879544071536,0.9588873516375429,True,5,5,True,0.1668
clip_sample_001,5,car,5,1,12,yolo_only,False,,,0.0,False,5,5,True,0.1668
clip_sample_001,5,car,5,1,12,static_memory,True,1.9962854158753953,0.12476783849221221,0.9035332203374146,True,5,5,True,0.1668
clip_sample_001,5,car,5,1,12,sort_motion,True,4.143001820847578,0.25893761380297364,0.8573692909486622,True,5,5,True,0.1668
clip_sample_001,5,car,5,2,13,yolo_only,False,,,0.0,False,5,5,True,0.1668
clip_sample_001,5,car,5,2,13,static_memory,True,3.042430149939878,0.19015188437124236,0.8598322714247701,True,5,5,True,0.1668
clip_sample_001,5,car,5,2,13,sort_motion,True,3.354784808259176,0.20967405051619847,0.8838093818576378,True,5,5,True,0.1668
clip_sample_001,5,car,5,3,14,yolo_only,False,,,0.0,False,5,5,True,0.1668
clip_sample_001,5,car,5,3,14,static_memory,True,3.704913209158894,0.23155707557243088,0.8332012415572627,True,5,5,True,0.1668
clip_sample_001,5,car,5,3,14,sort_motion,True,4.517539182391716,0.28234619889948226,0.8318243088099145,True,5,5,True,0.1668
clip_sample_001,5,car,5,4,15,yolo_only,False,,,0.0,False,5,5,True,0.1668
clip_sample_001,5,car,5,4,15,static_memory,True,5.22146009763816,0.326341256102385,0.7751412365143179,True,5,5,True,0.1668
clip_sample_001,5,car,5,4,15,sort_motion,True,5.075084020216734,0.3171927512635459,0.8163042181846512,True,5,5,True,0.1668
clip_sample_001,5,car,8,0,9,yolo_only,False,,,0.0,False,5,5,True,0.0673
clip_sample_001,5,car,8,0,9,static_memory,True,3.7856263338786866,0.23660164586741791,0.82859343474681,True,5,5,True,0.0673
clip_sample_001,5,car,8,0,9,sort_motion,True,2.2899080401469276,0.14311925250918298,0.8863446481375954,True,5,5,True,0.0673
clip_sample_001,5,car,8,1,10,yolo_only,False,,,0.0,False,5,5,True,0.0673
clip_sample_001,5,car,8,1,10,static_memory,True,6.312427947509986,0.3945267467193741,0.7308206993667639,True,5,5,True,0.0673
clip_sample_001,5,car,8,1,10,sort_motion,True,3.6190475034935203,0.226190468968345,0.8281874281744009,True,5,5,True,0.0673
clip_sample_001,5,car,8,2,11,yolo_only,False,,,0.0,False,5,5,True,0.0673
clip_sample_001,5,car,8,2,11,static_memory,True,6.993950828175765,0.4371219267609854,0.7065092897315598,True,5,5,True,0.0673
clip_sample_001,5,car,8,2,11,sort_motion,True,3.597003936839108,0.22481274605244422,0.8274483031176628,True,5,5,True,0.0673
clip_sample_001,5,car,8,3,12,yolo_only,False,,,0.0,False,5,5,True,0.0673
clip_sample_001,5,car,8,3,12,static_memory,True,6.920218333160088,0.4325136458225055,0.7179895794176084,True,5,5,True,0.0673
clip_sample_001,5,car,8,3,12,sort_motion,True,4.77651691056912,0.29853230691057,0.7900760585982087,True,5,5,True,0.0673
clip_sample_001,5,car,8,4,13,yolo_only,False,,,0.0,False,5,5,True,0.0673
clip_sample_001,5,car,8,4,13,static_memory,True,9.196631859944818,0.5747894912465511,0.6389553954256245,True,5,5,True,0.0673
clip_sample_001,5,car,8,4,13,sort_motion,True,4.741211383246181,0.29632571145288633,0.7893876477842564,True,5,5,True,0.0673
clip_sample_001,5,car,8,5,14,yolo_only,False,,,0.0,False,5,5,True,0.0673
clip_sample_001,5,car,8,5,14,static_memory,True,9.880428541125879,0.6175267838203674,0.6196257372602005,True,5,5,True,0.0673
clip_sample_001,5,car,8,5,14,sort_motion,True,5.123172486278491,0.32019828039240567,0.7767796037247026,True,5,5,True,0.0673
clip_sample_001,5,car,8,6,15,yolo_only,False,,,0.0,False,5,5,True,0.0673
clip_sample_001,5,car,8,6,15,static_memory,True,11.426813760442208,0.714175860027638,0.5743375815339652,True,5,5,True,0.0673
clip_sample_001,5,car,8,6,15,sort_motion,True,5.8126952158508285,0.3632934509906768,0.7505861549635849,True,5,5,True,0.0673
clip_sample_001,5,car,8,7,16,yolo_only,False,,,0.0,False,5,5,True,0.0673
clip_sample_001,5,car,8,7,16,static_memory,True,13.699193196790256,0.8561995747993911,0.5154442541783005,True,5,5,True,0.0673
clip_sample_001,5,car,8,7,16,sort_motion,True,6.681866307184666,0.4176166441990416,0.7176770705046177,True,5,5,True,0.0673
clip_sample_001,5,car,10,0,7,yolo_only,False,,,0.0,False,5,5,True,0.0478
clip_sample_001,5,car,10,0,7,static_memory,True,1.6558764142566755,0.1034922758910422,0.9207431436562703,True,5,5,True,0.0478
clip_sample_001,5,car,10,0,7,sort_motion,True,2.5597601108123254,0.15998500692577033,0.8994783196678633,True,5,5,True,0.0478
clip_sample_001,5,car,10,1,9,yolo_only,False,,,0.0,False,5,5,True,0.0478
clip_sample_001,5,car,10,1,9,static_memory,True,4.582314988786272,0.286394686799142,0.8011969751524126,True,5,5,True,0.0478
clip_sample_001,5,car,10,1,9,sort_motion,True,3.3586242867670815,0.20991401792294256,0.8462094214159557,True,5,5,True,0.0478
clip_sample_001,5,car,10,2,10,yolo_only,False,,,0.0,False,5,5,True,0.0478
clip_sample_001,5,car,10,2,10,static_memory,True,7.115031952543364,0.44468949703396027,0.7057685754496843,True,5,5,True,0.0478
clip_sample_001,5,car,10,2,10,sort_motion,True,4.8562099302914286,0.3035131206432143,0.7873262694317333,True,5,5,True,0.0478
clip_sample_001,5,car,10,3,11,yolo_only,False,,,0.0,False,5,5,True,0.0478
clip_sample_001,5,car,10,3,11,static_memory,True,7.866175692147387,0.49163598075921167,0.6817600566443521,True,5,5,True,0.0478
clip_sample_001,5,car,10,3,11,sort_motion,True,5.7688860700683575,0.36055537937927234,0.7482732994996725,True,5,5,True,0.0478
clip_sample_001,5,car,10,4,12,yolo_only,False,,,0.0,False,5,5,True,0.0478
clip_sample_001,5,car,10,4,12,static_memory,True,8.068407602956016,0.504275475184751,0.6916955674747509,True,5,5,True,0.0478
clip_sample_001,5,car,10,4,12,sort_motion,True,8.035827933080524,0.5022392458175328,0.6872700205052087,True,5,5,True,0.0478
clip_sample_001,5,car,10,5,13,yolo_only,False,,,0.0,False,5,5,True,0.0478
clip_sample_001,5,car,10,5,13,static_memory,True,10.124133021974469,0.6327583138734043,0.6152758013692499,True,5,5,True,0.0478
clip_sample_001,5,car,10,5,13,sort_motion,True,8.133653468517187,0.5083533417823242,0.6762698214241408,True,5,5,True,0.0478
clip_sample_001,5,car,10,6,14,yolo_only,False,,,0.0,False,5,5,True,0.0478
clip_sample_001,5,car,10,6,14,static_memory,True,10.8004794929017,0.6750299683063562,0.5964373516878017,True,5,5,True,0.0478
clip_sample_001,5,car,10,6,14,sort_motion,True,9.117850733527904,0.569865670845494,0.654817771766262,True,5,5,True,0.0478
clip_sample_001,5,car,10,7,15,yolo_only,False,,,0.0,False,5,5,True,0.0478
clip_sample_001,5,car,10,7,15,static_memory,True,12.331526642404812,0.7707204151503008,0.5521199959614315,True,5,5,True,0.0478
clip_sample_001,5,car,10,7,15,sort_motion,True,10.189572009445085,0.6368482505903178,0.6224929444812056,True,5,5,True,0.0478
clip_sample_001,5,car,10,8,16,yolo_only,False,,,0.0,False,5,5,True,0.0478
clip_sample_001,5,car,10,8,16,static_memory,True,14.582234774667782,0.9113896734167364,0.49468650807359754,True,5,5,True,0.0478
clip_sample_001,5,car,10,8,16,sort_motion,True,11.277144887660567,0.7048215554787854,0.586280027455051,True,5,5,True,0.0478
clip_sample_001,5,car,10,9,17,yolo_only,False,,,0.0,False,5,5,True,0.0478
clip_sample_001,5,car,10,9,17,static_memory,True,15.80800094589084,0.9880000591181776,0.4620279341123189,True,5,5,True,0.0478
clip_sample_001,5,car,10,9,17,sort_motion,True,11.128713592888646,0.6955445995555404,0.5890980703388818,True,5,5,True,0.0478
clip_sample_001,6,car,1,0,11,yolo_only,False,,,0.0,False,6,6,True,0.5578
clip_sample_001,6,car,1,0,11,static_memory,True,1.2869248018912507,0.08043280011820317,0.9014778316695026,True,6,6,True,0.5578
clip_sample_001,6,car,1,0,11,sort_motion,True,0.7192639762499423,0.044953998515621395,0.909296040275136,True,6,6,True,0.5578
clip_sample_001,6,car,2,0,11,yolo_only,False,,,0.0,False,6,6,True,0.2748
clip_sample_001,6,car,2,0,11,static_memory,True,1.2869248018912507,0.08043280011820317,0.9014778316695026,True,6,6,True,0.2748
clip_sample_001,6,car,2,0,11,sort_motion,True,0.7192639762499423,0.044953998515621395,0.909296040275136,True,6,6,True,0.2748
clip_sample_001,6,car,2,1,12,yolo_only,False,,,0.0,False,6,6,True,0.2748
clip_sample_001,6,car,2,1,12,static_memory,True,2.3597030804786114,0.14748144252991321,0.813044802182086,True,6,6,True,0.2748
clip_sample_001,6,car,2,1,12,sort_motion,True,0.6370121736200665,0.039813260851254154,0.8707670114848528,True,6,6,True,0.2748
clip_sample_001,6,car,3,0,10,yolo_only,False,,,0.0,False,6,6,True,0.1737
clip_sample_001,6,car,3,0,10,static_memory,True,2.328513533245179,0.1455320958278237,0.8299291888947905,True,6,6,True,0.1737
clip_sample_001,6,car,3,0,10,sort_motion,True,1.8551651390050647,0.11594782118781655,0.8513380714364648,True,6,6,True,0.1737
clip_sample_001,6,car,3,1,11,yolo_only,False,,,0.0,False,6,6,True,0.1737
clip_sample_001,6,car,3,1,11,static_memory,True,3.5741018215896694,0.22338136384935434,0.7519626512947788,True,6,6,True,0.1737
clip_sample_001,6,car,3,1,11,sort_motion,True,2.1526992172037205,0.13454370107523253,0.8310188478128457,True,6,6,True,0.1737
clip_sample_001,6,car,3,2,12,yolo_only,False,,,0.0,False,6,6,True,0.1737
clip_sample_001,6,car,3,2,12,static_memory,True,4.549302518519212,0.2843314074074508,0.6904953384694967,True,6,6,True,0.1737
clip_sample_001,6,car,3,2,12,sort_motion,True,2.0828676323491075,0.13017922702181922,0.8190742458849996,True,6,6,True,0.1737
clip_sample_001,6,car,5,0,9,yolo_only,False,,,0.0,False,6,6,True,0.1045
clip_sample_001,6,car,5,0,9,static_memory,True,1.6614255255013128,0.10383909534383207,0.8826832765525915,True,6,6,True,0.1045
clip_sample_001,6,car,5,0,9,sort_motion,True,1.2644982619108578,0.07903114136942861,0.8981614848019027,True,6,6,True,0.1045
clip_sample_001,6,car,5,1,10,yolo_only,False,,,0.0,False,6,6,True,0.1045
clip_sample_001,6,car,5,1,10,static_memory,True,3.9855468283583444,0.24909667677239655,0.7314445146312349,True,6,6,True,0.1045
clip_sample_001,6,car,5,1,10,sort_motion,True,2.8640834958142625,0.1790052184883914,0.7821946381273304,True,6,6,True,0.1045
clip_sample_001,6,car,5,2,11,yolo_only,False,,,0.0,False,6,6,True,0.1045
clip_sample_001,6,car,5,2,11,static_memory,True,5.235363049654011,0.3272101906033757,0.6684478857547825,True,6,6,True,0.1045
clip_sample_001,6,car,5,2,11,sort_motion,True,3.3037194814809867,0.20648246759256164,0.7540588885265376,True,6,6,True,0.1045
clip_sample_001,6,car,5,3,12,yolo_only,False,,,0.0,False,6,6,True,0.1045
clip_sample_001,6,car,5,3,12,static_memory,True,6.196954515199112,0.3873096571999445,0.61402986207075,True,6,6,True,0.1045
clip_sample_001,6,car,5,3,12,sort_motion,True,3.3594719976125393,0.20996699985078368,0.757751122815232,True,6,6,True,0.1045
clip_sample_001,6,car,5,4,13,yolo_only,False,,,0.0,False,6,6,True,0.1045
clip_sample_001,6,car,5,4,13,static_memory,True,6.657505272078376,0.4160940795048985,0.5846421924419248,True,6,6,True,0.1045
clip_sample_001,6,car,5,4,13,sort_motion,True,3.373181411803334,0.21082383823770837,0.7362394268140868,True,6,6,True,0.1045
clip_sample_001,6,car,8,0,8,yolo_only,False,,,0.0,False,6,6,True,0.0618
clip_sample_001,6,car,8,0,8,static_memory,True,1.5027431824039705,0.09392144890024816,0.8887249076164572,True,6,6,True,0.0618
clip_sample_001,6,car,8,0,8,sort_motion,True,1.1874483634825774,0.07421552271766109,0.8910620585829473,True,6,6,True,0.0618
clip_sample_001,6,car,8,1,9,yolo_only,False,,,0.0,False,6,6,True,0.0618
clip_sample_001,6,car,8,1,9,static_memory,True,3.153632588568018,0.19710203678550112,0.7850207903426338,True,6,6,True,0.0618
clip_sample_001,6,car,8,1,9,sort_motion,True,2.245067378388329,0.14031671114927055,0.8294743941309874,True,6,6,True,0.0618
clip_sample_001,6,car,8,2,10,yolo_only,False,,,0.0,False,6,6,True,0.0618
clip_sample_001,6,car,8,2,10,static_memory,True,5.462156904048891,0.3413848065030557,0.6600945515962171,True,6,6,True,0.0618
clip_sample_001,6,car,8,2,10,sort_motion,True,3.9963088284321153,0.24976930177700718,0.7134381962304701,True,6,6,True,0.0618
clip_sample_001,6,car,8,3,11,yolo_only,False,,,0.0,False,6,6,True,0.0618
clip_sample_001,6,car,8,3,11,static_memory,True,6.724658048079393,0.4202911280049621,0.6006650621026649,True,6,6,True,0.0618
clip_sample_001,6,car,8,3,11,sort_motion,True,4.594144002990441,0.28713400018690255,0.6785891450166601,True,6,6,True,0.0618
clip_sample_001,6,car,8,4,12,yolo_only,False,,,0.0,False,6,6,True,0.0618
clip_sample_001,6,car,8,4,12,static_memory,True,7.6979885911873405,0.4811242869492088,0.5529255530153264,True,6,6,True,0.0618
clip_sample_001,6,car,8,4,12,sort_motion,True,4.807578713529639,0.30047366959560246,0.6727927218787593,True,6,6,True,0.0618
clip_sample_001,6,car,8,5,13,yolo_only,False,,,0.0,False,6,6,True,0.0618
clip_sample_001,6,car,8,5,13,static_memory,True,8.142542404636087,0.5089089002897554,0.5255691881041323,True,6,6,True,0.0618
clip_sample_001,6,car,8,5,13,sort_motion,True,4.933164007692171,0.3083227504807607,0.6465253260550443,True,6,6,True,0.0618
clip_sample_001,6,car,8,6,14,yolo_only,False,,,0.0,False,6,6,True,0.0618
clip_sample_001,6,car,8,6,14,static_memory,True,8.900130328601286,0.5562581455375804,0.4777758179720248,True,6,6,True,0.0618
clip_sample_001,6,car,8,6,14,sort_motion,True,5.420926312594586,0.33880789453716165,0.6108536538789429,True,6,6,True,0.0618
clip_sample_001,6,car,8,7,15,yolo_only,False,,,0.0,False,6,6,True,0.0618
clip_sample_001,6,car,8,7,15,static_memory,True,9.85885264089924,0.6161782900562025,0.44106344269170505,True,6,6,True,0.0618
clip_sample_001,6,car,8,7,15,sort_motion,True,5.796285399466445,0.3622678374666528,0.5912670863301831,True,6,6,True,0.0618
clip_sample_001,6,car,10,0,7,yolo_only,False,,,0.0,False,6,6,True,0.0469
clip_sample_001,6,car,10,0,7,static_memory,True,1.8127819850642508,0.11329887406651568,0.8450661643205508,True,6,6,True,0.0469
clip_sample_001,6,car,10,0,7,sort_motion,True,1.2673634322604905,0.07921021451628066,0.8772398863673295,True,6,6,True,0.0469
clip_sample_001,6,car,10,1,8,yolo_only,False,,,0.0,False,6,6,True,0.0469
clip_sample_001,6,car,10,1,8,static_memory,True,3.3126293576003567,0.2070393348500223,0.7517378910204772,True,6,6,True,0.0469
clip_sample_001,6,car,10,1,8,sort_motion,True,2.276462111583328,0.142278881973958,0.8133712326403331,True,6,6,True,0.0469
clip_sample_001,6,car,10,2,9,yolo_only,False,,,0.0,False,6,6,True,0.0469
clip_sample_001,6,car,10,2,9,static_memory,True,4.9664125475194805,0.31040078421996753,0.6639747390490504,True,6,6,True,0.0469
clip_sample_001,6,car,10,2,9,sort_motion,True,3.537176746757064,0.2210735466723165,0.7389810556664216,True,6,6,True,0.0469
clip_sample_001,6,car,10,3,10,yolo_only,False,,,0.0,False,6,6,True,0.0469
clip_sample_001,6,car,10,3,10,static_memory,True,7.271086335711838,0.45444289598198984,0.5662671091418171,True,6,6,True,0.0469
clip_sample_001,6,car,10,3,10,sort_motion,True,5.490655686438951,0.34316598040243446,0.6239110740465261,True,6,6,True,0.0469
clip_sample_001,6,car,10,4,11,yolo_only,False,,,0.0,False,6,6,True,0.0469
clip_sample_001,6,car,10,4,11,static_memory,True,8.536611254522347,0.5335382034076467,0.5120550196189784,True,6,6,True,0.0469
clip_sample_001,6,car,10,4,11,sort_motion,True,6.28122562111975,0.3925766013199844,0.5820632341420064,True,6,6,True,0.0469
clip_sample_001,6,car,10,5,12,yolo_only,False,,,0.0,False,6,6,True,0.0469
clip_sample_001,6,car,10,5,12,static_memory,True,9.509527052174272,0.594345440760892,0.475003686771233,True,6,6,True,0.0469
clip_sample_001,6,car,10,5,12,sort_motion,True,6.669803970253175,0.41686274814082336,0.5661942690307068,True,6,6,True,0.0469
clip_sample_001,6,car,10,6,13,yolo_only,False,,,0.0,False,6,6,True,0.0469
clip_sample_001,6,car,10,6,13,static_memory,True,9.953093426522608,0.622068339157663,0.45175157956243095,True,6,6,True,0.0469
clip_sample_001,6,car,10,6,13,sort_motion,True,7.041315248972974,0.44008220306081086,0.534812148350063,True,6,6,True,0.0469
clip_sample_001,6,car,10,7,14,yolo_only,False,,,0.0,False,6,6,True,0.0469
clip_sample_001,6,car,10,7,14,static_memory,True,10.701135215681687,0.6688209509801054,0.4077018865453038,True,6,6,True,0.0469
clip_sample_001,6,car,10,7,14,sort_motion,True,7.723542735157319,0.4827214209473325,0.49606657879893584,True,6,6,True,0.0469
clip_sample_001,6,car,10,8,15,yolo_only,False,,,0.0,False,6,6,True,0.0469
clip_sample_001,6,car,10,8,15,static_memory,True,11.662388302954124,0.7288992689346327,0.3741156607295951,True,6,6,True,0.0469
clip_sample_001,6,car,10,8,15,sort_motion,True,8.298610727419389,0.5186631704637118,0.4715290898457148,True,6,6,True,0.0469
clip_sample_001,6,car,10,9,16,yolo_only,False,,,0.0,False,6,6,True,0.0469
clip_sample_001,6,car,10,9,16,static_memory,True,12.560638810900402,0.7850399256812751,0.34906289807374796,True,6,6,True,0.0469
clip_sample_001,6,car,10,9,16,sort_motion,True,8.658596714722862,0.5411622946701788,0.45619049421199015,True,6,6,True,0.0469
clip_sample_001,101,car,1,0,27,yolo_only,False,,,0.0,False,101,101,True,0.4989
clip_sample_001,101,car,1,0,27,static_memory,True,2.086369070017769,0.13039806687611055,0.9049576783870863,True,101,101,True,0.4989
clip_sample_001,101,car,1,0,27,sort_motion,True,2.2170641620723224,0.13856651012952015,0.9080767310873541,True,101,101,True,0.4989
clip_sample_001,101,car,2,0,26,yolo_only,False,,,0.0,False,101,101,True,0.2253
clip_sample_001,101,car,2,0,26,static_memory,True,1.457558818820924,0.09109742617630776,0.9331569542920085,True,101,101,True,0.2253
clip_sample_001,101,car,2,0,26,sort_motion,True,1.0770585295681483,0.06731615809800927,0.9142323834467301,True,101,101,True,0.2253
clip_sample_001,101,car,2,1,27,yolo_only,False,,,0.0,False,101,101,True,0.2253
clip_sample_001,101,car,2,1,27,static_memory,True,2.3433322666563314,0.14645826666602071,0.9021850330643184,True,101,101,True,0.2253
clip_sample_001,101,car,2,1,27,sort_motion,True,1.8624624589540955,0.11640390368463097,0.9154559186346493,True,101,101,True,0.2253
clip_sample_001,101,car,3,0,26,yolo_only,False,,,0.0,False,101,101,True,0.155
clip_sample_001,101,car,3,0,26,static_memory,True,1.457558818820924,0.09109742617630776,0.9331569542920085,True,101,101,True,0.155
clip_sample_001,101,car,3,0,26,sort_motion,True,1.0770585295681483,0.06731615809800927,0.9142323834467301,True,101,101,True,0.155
clip_sample_001,101,car,3,1,27,yolo_only,False,,,0.0,False,101,101,True,0.155
clip_sample_001,101,car,3,1,27,static_memory,True,2.3433322666563314,0.14645826666602071,0.9021850330643184,True,101,101,True,0.155
clip_sample_001,101,car,3,1,27,sort_motion,True,1.8624624589540955,0.11640390368463097,0.9154559186346493,True,101,101,True,0.155
clip_sample_001,101,car,3,2,28,yolo_only,False,,,0.0,False,101,101,True,0.155
clip_sample_001,101,car,3,2,28,static_memory,True,3.4274574536554936,0.21421609085346835,0.864537685453874,True,101,101,True,0.155
clip_sample_001,101,car,3,2,28,sort_motion,True,1.9488431004830484,0.12180269378019053,0.9035039967162657,True,101,101,True,0.155
clip_sample_001,101,car,5,0,25,yolo_only,False,,,0.0,False,101,101,True,0.1429
clip_sample_001,101,car,5,0,25,static_memory,True,1.8770878960295123,0.11731799350184452,0.910419218505767,True,101,101,True,0.1429
clip_sample_001,101,car,5,0,25,sort_motion,True,2.96096612608029,0.18506038288001814,0.8559025842033219,True,101,101,True,0.1429
clip_sample_001,101,car,5,1,26,yolo_only,False,,,0.0,False,101,101,True,0.1429
clip_sample_001,101,car,5,1,26,static_memory,True,3.2633746796903353,0.20396091748064596,0.8509137687279595,True,101,101,True,0.1429
clip_sample_001,101,car,5,1,26,sort_motion,True,3.484000423290103,0.21775002645563146,0.824150693718128,True,101,101,True,0.1429
clip_sample_001,101,car,5,2,27,yolo_only,False,,,0.0,False,101,101,True,0.1429
clip_sample_001,101,car,5,2,27,static_memory,True,3.998763331454604,0.24992270821591278,0.8394297798783833,True,101,101,True,0.1429
clip_sample_001,101,car,5,2,27,sort_motion,True,3.5814901437306497,0.22384313398316563,0.8146464306914408,True,101,101,True,0.1429
clip_sample_001,101,car,5,3,28,yolo_only,False,,,0.0,False,101,101,True,0.1429
clip_sample_001,101,car,5,3,28,static_memory,True,5.2165222756411245,0.3260326422275703,0.7889718625344424,True,101,101,True,0.1429
clip_sample_001,101,car,5,3,28,sort_motion,True,4.03348652216014,0.25209290763500874,0.7943266124070457,True,101,101,True,0.1429
clip_sample_001,101,car,5,4,29,yolo_only,False,,,0.0,False,101,101,True,0.1429
clip_sample_001,101,car,5,4,29,static_memory,True,5.603681657845562,0.3502301036153476,0.7807703105819095,True,101,101,True,0.1429
clip_sample_001,101,car,5,4,29,sort_motion,True,4.139214076513571,0.2587008797820982,0.8033893225882525,True,101,101,True,0.1429
clip_sample_001,101,car,8,0,22,yolo_only,False,,,0.0,False,101,101,True,0.0981
clip_sample_001,101,car,8,0,22,static_memory,True,4.073741253830982,0.2546088283644364,0.8372281122033405,True,101,101,True,0.0981
clip_sample_001,101,car,8,0,22,sort_motion,True,10.035279217679124,0.6272049511049452,0.6250414693452058,True,101,101,True,0.0981
clip_sample_001,101,car,8,1,24,yolo_only,False,,,0.0,False,101,101,True,0.0981
clip_sample_001,101,car,8,1,24,static_memory,True,7.7839399647855805,0.4864962477990987,0.6881419325383759,True,101,101,True,0.0981
clip_sample_001,101,car,8,1,24,sort_motion,True,14.118007913473406,0.882375494592088,0.5883085538762299,True,101,101,True,0.0981
clip_sample_001,101,car,8,2,25,yolo_only,False,,,0.0,False,101,101,True,0.0981
clip_sample_001,101,car,8,2,25,static_memory,True,9.591545099864542,0.5994715687415338,0.6332327760920842,True,101,101,True,0.0981
clip_sample_001,101,car,8,2,25,sort_motion,True,17.44119446367985,1.0900746539799906,0.5336333557960158,True,101,101,True,0.0981
clip_sample_001,101,car,8,3,26,yolo_only,False,,,0.0,False,101,101,True,0.0981
clip_sample_001,101,car,8,3,26,static_memory,True,11.030324452686045,0.6893952782928778,0.5952930802149994,True,101,101,True,0.0981
clip_sample_001,101,car,8,3,26,sort_motion,True,20.77960202561978,1.2987251266012363,0.48144375222825464,True,101,101,True,0.0981
clip_sample_001,101,car,8,4,27,yolo_only,False,,,0.0,False,101,101,True,0.0981
clip_sample_001,101,car,8,4,27,static_memory,True,11.198992356727622,0.6999370222954764,0.5894910600906034,True,101,101,True,0.0981
clip_sample_001,101,car,8,4,27,sort_motion,True,21.76146964687927,1.3600918529299544,0.4661081534324629,True,101,101,True,0.0981
clip_sample_001,101,car,8,5,28,yolo_only,False,,,0.0,False,101,101,True,0.0981
clip_sample_001,101,car,8,5,28,static_memory,True,12.529661512964877,0.7831038445603048,0.5572127459206989,True,101,101,True,0.0981
clip_sample_001,101,car,8,5,28,sort_motion,True,24.790895725563544,1.5494309828477215,0.4272448249075336,True,101,101,True,0.0981
clip_sample_001,101,car,8,6,29,yolo_only,False,,,0.0,False,101,101,True,0.0981
clip_sample_001,101,car,8,6,29,static_memory,True,12.534625286932199,0.7834140804332624,0.560316244875879,True,101,101,True,0.0981
clip_sample_001,101,car,8,6,29,sort_motion,True,26.084590264967765,1.6302868915604853,0.4171351608057076,True,101,101,True,0.0981
clip_sample_001,101,car,8,7,30,yolo_only,False,,,0.0,False,101,101,True,0.0981
clip_sample_001,101,car,8,7,30,static_memory,True,13.375041145229911,0.8359400715768693,0.5406915625529505,True,101,101,True,0.0981
clip_sample_001,101,car,8,7,30,sort_motion,True,28.677803073780353,1.7923626921112723,0.390345894588308,True,101,101,True,0.0981
clip_sample_001,101,car,10,0,21,yolo_only,False,,,0.0,False,101,101,True,0.0714
clip_sample_001,101,car,10,0,21,static_memory,True,13.86516657620945,0.8665729110130906,0.6023282867403706,True,101,101,True,0.0714
clip_sample_001,101,car,10,0,21,sort_motion,True,18.08062513945014,1.1300390712156339,0.5268741014875051,True,101,101,True,0.0714
clip_sample_001,101,car,10,1,22,yolo_only,False,,,0.0,False,101,101,True,0.0714
clip_sample_001,101,car,10,1,22,static_memory,True,17.760555196046088,1.1100346997528805,0.5111211077041355,True,101,101,True,0.0714
clip_sample_001,101,car,10,1,22,sort_motion,True,29.144366553759408,1.8215229096099632,0.3502724907839161,True,101,101,True,0.0714
clip_sample_001,101,car,10,2,24,yolo_only,False,,,0.0,False,101,101,True,0.0714
clip_sample_001,101,car,10,2,24,static_memory,True,18.51025769511159,1.1568911059444744,0.5248934755622424,True,101,101,True,0.0714
clip_sample_001,101,car,10,2,24,sort_motion,True,36.782614303579116,2.2989133939736948,0.2859396812102349,False,101,101,True,0.0714
clip_sample_001,101,car,10,3,25,yolo_only,False,,,0.0,False,101,101,True,0.0714
clip_sample_001,101,car,10,3,25,static_memory,True,19.50751887675552,1.21921992979722,0.531539030360348,True,101,101,True,0.0714
clip_sample_001,101,car,10,3,25,sort_motion,True,44.57398242384093,2.785873901490058,0.2285480247553924,False,101,101,True,0.0714
clip_sample_001,101,car,10,4,26,yolo_only,False,,,0.0,False,101,101,True,0.0714
clip_sample_001,101,car,10,4,26,static_memory,True,20.762838026391385,1.2976773766494616,0.5228231168841372,True,101,101,True,0.0714
clip_sample_001,101,car,10,4,26,sort_motion,True,52.69211803051406,3.2932573769071287,0.1727571076037724,False,101,101,True,0.0714
clip_sample_001,101,car,10,5,27,yolo_only,False,,,0.0,False,101,101,True,0.0714
clip_sample_001,101,car,10,5,27,static_memory,True,19.52222697271656,1.220139185794785,0.5291850858825009,True,101,101,True,0.0714
clip_sample_001,101,car,10,5,27,sort_motion,True,58.09604057749941,3.631002536093713,0.14986971772309812,False,101,101,True,0.0714
clip_sample_001,101,car,10,6,28,yolo_only,False,,,0.0,False,101,101,True,0.0714
clip_sample_001,101,car,10,6,28,static_memory,True,20.528863428168574,1.2830539642605359,0.5037224759426746,True,101,101,True,0.0714
clip_sample_001,101,car,10,6,28,sort_motion,True,65.80745935467394,4.112966209667121,0.11137931256569694,False,101,101,True,0.0714
clip_sample_001,101,car,10,7,29,yolo_only,False,,,0.0,False,101,101,True,0.0714
clip_sample_001,101,car,10,7,29,static_memory,True,19.834281806962043,1.2396426129351277,0.5107247991088938,True,101,101,True,0.0714
clip_sample_001,101,car,10,7,29,sort_motion,True,71.92703247252328,4.495439529532705,0.08823198794776065,False,101,101,True,0.0714
clip_sample_001,101,car,10,8,30,yolo_only,False,,,0.0,False,101,101,True,0.0714
clip_sample_001,101,car,10,8,30,static_memory,True,20.4733181290803,1.2795823830675188,0.49555562123402036,True,101,101,True,0.0714
clip_sample_001,101,car,10,8,30,sort_motion,True,79.3444413563745,4.959027584773406,0.05886777256049985,False,101,101,True,0.0714
clip_sample_001,101,car,10,9,31,yolo_only,False,,,0.0,False,101,101,True,0.0714
clip_sample_001,101,car,10,9,31,static_memory,True,22.23999900022272,1.38999993751392,0.46528484646333584,True,101,101,True,0.0714
clip_sample_001,101,car,10,9,31,sort_motion,True,87.96823925449706,5.4980149534060665,0.025531265234811626,False,101,101,True,0.0714
clip_sample_001,107,car,1,0,27,yolo_only,False,,,0.0,False,107,107,True,0.5207
clip_sample_001,107,car,1,0,27,static_memory,True,4.2908415836952,0.26817759898095,0.9397613867461193,True,107,107,True,0.5207
clip_sample_001,107,car,1,0,27,sort_motion,True,3.5157332061049873,0.2197333253815617,0.8905972343460967,True,107,107,True,0.5207
clip_sample_001,107,car,2,0,26,yolo_only,False,,,0.0,False,107,107,True,0.2313
clip_sample_001,107,car,2,0,26,static_memory,True,3.772962625894731,0.23581016411842068,0.9477499171392684,True,107,107,True,0.2313
clip_sample_001,107,car,2,0,26,sort_motion,True,4.102999591233698,0.25643747445210613,0.885511660576627,True,107,107,True,0.2313
clip_sample_001,107,car,2,1,27,yolo_only,False,,,0.0,False,107,107,True,0.2313
clip_sample_001,107,car,2,1,27,static_memory,True,8.060242888615665,0.5037651805384791,0.8969362702642004,True,107,107,True,0.2313
clip_sample_001,107,car,2,1,27,sort_motion,True,6.7910043156154964,0.42443776972596853,0.8340002476881943,True,107,107,True,0.2313
clip_sample_001,107,car,3,0,26,yolo_only,False,,,0.0,False,107,107,True,0.1552
clip_sample_001,107,car,3,0,26,static_memory,True,3.772962625894731,0.23581016411842068,0.9477499171392684,True,107,107,True,0.1552
clip_sample_001,107,car,3,0,26,sort_motion,True,4.102999591233698,0.25643747445210613,0.885511660576627,True,107,107,True,0.1552
clip_sample_001,107,car,3,1,27,yolo_only,False,,,0.0,False,107,107,True,0.1552
clip_sample_001,107,car,3,1,27,static_memory,True,8.060242888615665,0.5037651805384791,0.8969362702642004,True,107,107,True,0.1552
clip_sample_001,107,car,3,1,27,sort_motion,True,6.7910043156154964,0.42443776972596853,0.8340002476881943,True,107,107,True,0.1552
clip_sample_001,107,car,3,2,28,yolo_only,False,,,0.0,False,107,107,True,0.1552
clip_sample_001,107,car,3,2,28,static_memory,True,13.339188890792396,0.8336993056745248,0.8344325720214173,True,107,107,True,0.1552
clip_sample_001,107,car,3,2,28,sort_motion,True,10.308784535775086,0.6442990334859429,0.7881674715304231,True,107,107,True,0.1552
clip_sample_001,107,car,5,0,25,yolo_only,False,,,0.0,False,107,107,True,0.0886
clip_sample_001,107,car,5,0,25,static_memory,True,5.105361004186428,0.31908506276165177,0.9408427194215021,True,107,107,True,0.0886
clip_sample_001,107,car,5,0,25,sort_motion,True,6.557879063678642,0.4098674414799151,0.8493715864134863,True,107,107,True,0.0886
clip_sample_001,107,car,5,1,26,yolo_only,False,,,0.0,False,107,107,True,0.0886
clip_sample_001,107,car,5,1,26,static_memory,True,8.860182316360529,0.553761394772533,0.892347934487988,True,107,107,True,0.0886
clip_sample_001,107,car,5,1,26,sort_motion,True,9.532510506445941,0.5957819066528713,0.8028987681384624,True,107,107,True,0.0886
clip_sample_001,107,car,5,2,27,yolo_only,False,,,0.0,False,107,107,True,0.0886
clip_sample_001,107,car,5,2,27,static_memory,True,13.150706248203644,0.8219191405127277,0.8450983130161078,True,107,107,True,0.0886
clip_sample_001,107,car,5,2,27,sort_motion,True,13.077092926338722,0.8173183078961701,0.7420237029285921,True,107,107,True,0.0886
clip_sample_001,107,car,5,3,28,yolo_only,False,,,0.0,False,107,107,True,0.0886
clip_sample_001,107,car,5,3,28,static_memory,True,18.421520066485893,1.1513450041553683,0.7867333247029161,True,107,107,True,0.0886
clip_sample_001,107,car,5,3,28,sort_motion,True,17.439536306566254,1.0899710191603909,0.6873140988464985,True,107,107,True,0.0886
clip_sample_001,107,car,5,4,29,yolo_only,False,,,0.0,False,107,107,True,0.0886
clip_sample_001,107,car,5,4,29,static_memory,True,22.872963971875077,1.4295602482421923,0.7441908346614572,True,107,107,True,0.0886
clip_sample_001,107,car,5,4,29,sort_motion,True,21.11299452435239,1.3195621577720245,0.6381286361453614,True,107,107,True,0.0886
clip_sample_001,107,car,8,0,23,yolo_only,False,,,0.0,False,107,107,True,0.0481
clip_sample_001,107,car,8,0,23,static_memory,True,1.3002640440836346,0.08126650275522716,0.9341021536488602,True,107,107,True,0.0481
clip_sample_001,107,car,8,0,23,sort_motion,True,2.288821147605835,0.1430513217253647,0.6664616319137218,True,107,107,True,0.0481
clip_sample_001,107,car,8,1,24,yolo_only,False,,,0.0,False,107,107,True,0.0481
clip_sample_001,107,car,8,1,24,static_memory,True,7.999766830240286,0.4999854268900179,0.902541466352682,True,107,107,True,0.0481
clip_sample_001,107,car,8,1,24,sort_motion,True,8.95932521778007,0.5599578261112543,0.5452780006158933,True,107,107,True,0.0481
clip_sample_001,107,car,8,2,25,yolo_only,False,,,0.0,False,107,107,True,0.0481
clip_sample_001,107,car,8,2,25,static_memory,True,13.104548071205915,0.8190342544503697,0.8482739640865417,True,107,107,True,0.0481
clip_sample_001,107,car,8,2,25,sort_motion,True,14.838047590141711,0.927377974383857,0.4370809164405608,True,107,107,True,0.0481
clip_sample_001,107,car,8,3,26,yolo_only,False,,,0.0,False,107,107,True,0.0481
clip_sample_001,107,car,8,3,26,static_memory,True,16.857275706628137,1.0535797316642586,0.8042761947432904,True,107,107,True,0.0481
clip_sample_001,107,car,8,3,26,sort_motion,True,19.285954972766092,1.2053721857978807,0.3276100408811316,True,107,107,True,0.0481
clip_sample_001,107,car,8,4,27,yolo_only,False,,,0.0,False,107,107,True,0.0481
clip_sample_001,107,car,8,4,27,static_memory,True,21.146393871547527,1.3216496169717205,0.7609905611089633,True,107,107,True,0.0481
clip_sample_001,107,car,8,4,27,sort_motion,True,24.30652992439026,1.5191581202743913,0.21749207429566306,False,107,107,True,0.0481
clip_sample_001,107,car,8,5,28,yolo_only,False,,,0.0,False,107,107,True,0.0481
clip_sample_001,107,car,8,5,28,static_memory,True,26.410732023149166,1.6506707514468228,0.7075492263394967,True,107,107,True,0.0481
clip_sample_001,107,car,8,5,28,sort_motion,True,30.06892603219309,1.8793078770120681,0.11600831739899954,False,107,107,True,0.0481
clip_sample_001,107,car,8,6,29,yolo_only,False,,,0.0,False,107,107,True,0.0481
clip_sample_001,107,car,8,6,29,static_memory,True,30.861191288885976,1.9288244555553735,0.6684667731885579,True,107,107,True,0.0481
clip_sample_001,107,car,8,6,29,sort_motion,True,35.21201860361004,2.2007511627256275,0.021612304063917013,False,107,107,True,0.0481
clip_sample_001,107,car,8,7,30,yolo_only,False,,,0.0,False,107,107,True,0.0481
clip_sample_001,107,car,8,7,30,static_memory,True,38.48139640407727,2.4050872752548296,0.6062408803909174,True,107,107,True,0.0481
clip_sample_001,107,car,8,7,30,sort_motion,True,43.26597412642821,2.7041233829017632,4.5101545546664536e-11,False,107,107,True,0.0481
clip_sample_001,107,car,10,0,22,yolo_only,False,,,0.0,False,107,107,True,0.0362
clip_sample_001,107,car,10,0,22,static_memory,True,2.166984662183702,0.13543654138648137,0.8969607750159884,True,107,107,True,0.0362
clip_sample_001,107,car,10,0,22,sort_motion,True,4.1347834234215455,0.2584239639638466,0.543590219083173,True,107,107,True,0.0362
clip_sample_001,107,car,10,1,23,yolo_only,False,,,0.0,False,107,107,True,0.0362
clip_sample_001,107,car,10,1,23,static_memory,True,2.281687210025648,0.142605450626603,0.8471359037567388,True,107,107,True,0.0362
clip_sample_001,107,car,10,1,23,sort_motion,True,4.526542381056761,0.2829088988160476,0.3146361615349906,True,107,107,True,0.0362
clip_sample_001,107,car,10,2,24,yolo_only,False,,,0.0,False,107,107,True,0.0362
clip_sample_001,107,car,10,2,24,static_memory,True,7.776831472785508,0.4860519670490943,0.8166143125228345,True,107,107,True,0.0362
clip_sample_001,107,car,10,2,24,sort_motion,True,5.630716739660812,0.35191979622880076,0.11838788430896491,False,107,107,True,0.0362
clip_sample_001,107,car,10,3,25,yolo_only,False,,,0.0,False,107,107,True,0.0362
clip_sample_001,107,car,10,3,25,static_memory,True,12.749781734108694,0.7968613583817934,0.8014937465356485,True,107,107,True,0.0362
clip_sample_001,107,car,10,3,25,sort_motion,True,10.033854755353362,0.6271159222095851,5.2270425810334424e-11,False,107,107,True,0.0362
clip_sample_001,107,car,10,4,26,yolo_only,False,,,0.0,False,107,107,True,0.0362
clip_sample_001,107,car,10,4,26,static_memory,True,16.519389959723437,1.0324618724827148,0.7729970029727383,True,107,107,True,0.0362
clip_sample_001,107,car,10,4,26,sort_motion,True,13.428267243520555,0.8392667027200348,5.127730484925889e-11,False,107,107,True,0.0362
clip_sample_001,107,car,10,5,27,yolo_only,False,,,0.0,False,107,107,True,0.0362
clip_sample_001,107,car,10,5,27,static_memory,True,20.794342148708562,1.2996463842942851,0.7306387072080959,True,107,107,True,0.0362
clip_sample_001,107,car,10,5,27,sort_motion,True,17.402444504920016,1.087652781557501,4.925027419890024e-11,False,107,107,True,0.0362
clip_sample_001,107,car,10,6,28,yolo_only,False,,,0.0,False,107,107,True,0.0362
clip_sample_001,107,car,10,6,28,static_memory,True,26.07493065656397,1.6296831660352482,0.6784907496326247,True,107,107,True,0.0362
clip_sample_001,107,car,10,6,28,sort_motion,True,21.9483042921875,1.3717690182617188,4.74834977445876e-11,False,107,107,True,0.0362
clip_sample_001,107,car,10,7,29,yolo_only,False,,,0.0,False,107,107,True,0.0362
clip_sample_001,107,car,10,7,29,static_memory,True,30.519918982859124,1.9074949364286953,0.6403795266030523,True,107,107,True,0.0362
clip_sample_001,107,car,10,7,29,sort_motion,True,26.07673957922136,1.6297962237013348,4.596405124340921e-11,False,107,107,True,0.0362
clip_sample_001,107,car,10,8,30,yolo_only,False,,,0.0,False,107,107,True,0.0362
clip_sample_001,107,car,10,8,30,static_memory,True,38.13075677675313,2.3831722985470707,0.5798562183888455,True,107,107,True,0.0362
clip_sample_001,107,car,10,8,30,sort_motion,True,32.82211589969779,2.051382243731112,4.510154554855155e-11,False,107,107,True,0.0362
clip_sample_001,107,car,10,9,31,yolo_only,False,,,0.0,False,107,107,True,0.0362
clip_sample_001,107,car,10,9,31,static_memory,True,44.782347696595636,2.7988967310372272,0.5274567708312273,True,107,107,True,0.0362
clip_sample_001,107,car,10,9,31,sort_motion,True,38.511277077865486,2.406954817366593,4.4366192604670924e-11,False,107,107,True,0.0362
clip_sample_003,273,car,1,0,25,yolo_only,False,,,0.0,False,273,273,True,0.4948
clip_sample_003,273,car,1,0,25,static_memory,True,48.635045551592064,3.039690346974504,0.7624030742755787,True,273,273,True,0.4948
clip_sample_003,273,car,1,0,25,sort_motion,True,4.151993122527733,0.2594995701579833,0.9759552950251617,True,273,273,True,0.4948
clip_sample_003,273,car,2,0,24,yolo_only,False,,,0.0,False,273,273,True,0.2286
clip_sample_003,273,car,2,0,24,static_memory,True,34.803559912065936,2.175222494504121,0.816856211499309,True,273,273,True,0.2286
clip_sample_003,273,car,2,0,24,sort_motion,True,4.489510923355163,0.2805944327096977,0.9726429140213736,True,273,273,True,0.2286
clip_sample_003,273,car,2,1,25,yolo_only,False,,,0.0,False,273,273,True,0.2286
clip_sample_003,273,car,2,1,25,static_memory,True,83.43393949099102,5.214621218186939,0.6220877425604433,True,273,273,True,0.2286
clip_sample_003,273,car,2,1,25,sort_motion,True,0.5758151178164324,0.03598844486352702,0.968313981671935,True,273,273,True,0.2286
clip_sample_003,273,car,3,0,24,yolo_only,False,,,0.0,False,273,273,True,0.1561
clip_sample_003,273,car,3,0,24,static_memory,True,34.803559912065936,2.175222494504121,0.816856211499309,True,273,273,True,0.1561
clip_sample_003,273,car,3,0,24,sort_motion,True,4.489510923355163,0.2805944327096977,0.9726429140213736,True,273,273,True,0.1561
clip_sample_003,273,car,3,1,25,yolo_only,False,,,0.0,False,273,273,True,0.1561
clip_sample_003,273,car,3,1,25,static_memory,True,83.43393949099102,5.214621218186939,0.6220877425604433,True,273,273,True,0.1561
clip_sample_003,273,car,3,1,25,sort_motion,True,0.5758151178164324,0.03598844486352702,0.968313981671935,True,273,273,True,0.1561
clip_sample_003,273,car,3,2,26,yolo_only,False,,,0.0,False,273,273,True,0.1561
clip_sample_003,273,car,3,2,26,static_memory,True,133.49043739413875,8.343152337133672,0.4623089311053386,True,273,273,True,0.1561
clip_sample_003,273,car,3,2,26,sort_motion,True,7.043741398630793,0.44023383741442457,0.9571566988682867,True,273,273,True,0.1561
clip_sample_003,273,car,5,0,23,yolo_only,False,,,0.0,False,273,273,True,0.09
clip_sample_003,273,car,5,0,23,static_memory,True,54.56686121997225,3.410428826248266,0.7356254470820219,True,273,273,True,0.09
clip_sample_003,273,car,5,0,23,sort_motion,True,14.303875625954785,0.893992226622174,0.9201199095209723,True,273,273,True,0.09
clip_sample_003,273,car,5,1,24,yolo_only,False,,,0.0,False,273,273,True,0.09
clip_sample_003,273,car,5,1,24,static_memory,True,89.36864816309274,5.5855405101932964,0.5986600972286544,True,273,273,True,0.09
clip_sample_003,273,car,5,1,24,sort_motion,True,7.400695830446043,0.46254348940287765,0.9516866129715733,True,273,273,True,0.09
clip_sample_003,273,car,5,2,25,yolo_only,False,,,0.0,False,273,273,True,0.09
clip_sample_003,273,car,5,2,25,static_memory,True,138.00079785596233,8.625049865997646,0.4484481678637649,True,273,273,True,0.09
clip_sample_003,273,car,5,2,25,sort_motion,True,14.286538770039533,0.8929086731274708,0.9198410333866102,True,273,273,True,0.09
clip_sample_003,273,car,5,3,26,yolo_only,False,,,0.0,False,273,273,True,0.09
clip_sample_003,273,car,5,3,26,static_memory,True,188.05717636510923,11.753573522819327,0.32355059965165506,True,273,273,True,0.09
clip_sample_003,273,car,5,3,26,sort_motion,True,22.620632958667375,1.413789559916711,0.8764217655805692,True,273,273,True,0.09
clip_sample_003,273,car,5,4,27,yolo_only,False,,,0.0,False,273,273,True,0.09
clip_sample_003,273,car,5,4,27,static_memory,True,225.9003518902017,14.118771993137608,0.24201452411659916,False,273,273,True,0.09
clip_sample_003,273,car,5,4,27,sort_motion,True,18.760576995733313,1.172536062233332,0.8888270929372839,True,273,273,True,0.09
clip_sample_003,273,car,8,0,21,yolo_only,False,,,0.0,False,273,273,True,0.0473
clip_sample_003,273,car,8,0,21,static_memory,True,33.74618698589662,2.109136686618539,0.8328804457437952,True,273,273,True,0.0473
clip_sample_003,273,car,8,0,21,sort_motion,True,4.6789253961499035,0.29243283725936897,0.9454722404169683,True,273,273,True,0.0473
clip_sample_003,273,car,8,1,22,yolo_only,False,,,0.0,False,273,273,True,0.0473
clip_sample_003,273,car,8,1,22,static_memory,True,80.94430033905755,5.059018771191097,0.6360740610587667,True,273,273,True,0.0473
clip_sample_003,273,car,8,1,22,sort_motion,True,1.0461160648973453,0.06538225405608408,0.9235684521682057,True,273,273,True,0.0473
clip_sample_003,273,car,8,2,23,yolo_only,False,,,0.0,False,273,273,True,0.0473
clip_sample_003,273,car,8,2,23,static_memory,True,135.51102209111204,8.469438880694502,0.4612634269350499,True,273,273,True,0.0473
clip_sample_003,273,car,8,2,23,sort_motion,True,13.586881934940477,0.8491801209337797,0.8908661411204277,True,273,273,True,0.0473
clip_sample_003,273,car,8,3,24,yolo_only,False,,,0.0,False,273,273,True,0.0473
clip_sample_003,273,car,8,3,24,static_memory,True,170.3116042686634,10.644475266791462,0.36617336752262536,True,273,273,True,0.0473
clip_sample_003,273,car,8,3,24,sort_motion,True,6.5461902034983,0.40913688771864376,0.8901207388609887,True,273,273,True,0.0473
clip_sample_003,273,car,8,4,25,yolo_only,False,,,0.0,False,273,273,True,0.0473
clip_sample_003,273,car,8,4,25,static_memory,True,218.94484073419784,13.684052545887365,0.25817095625110303,False,273,273,True,0.0473
clip_sample_003,273,car,8,4,25,sort_motion,True,13.366097980780838,0.8353811237988025,0.8715875158036963,True,273,273,True,0.0473
clip_sample_003,273,car,8,5,26,yolo_only,False,,,0.0,False,273,273,True,0.0473
clip_sample_003,273,car,8,5,26,static_memory,True,269.00084935227864,16.812553084517415,0.16755966712198414,False,273,273,True,0.0473
clip_sample_003,273,car,8,5,26,sort_motion,True,21.56138839466957,1.3475867746668482,0.8481297503643235,True,273,273,True,0.0473
clip_sample_003,273,car,8,6,27,yolo_only,False,,,0.0,False,273,273,True,0.0473
clip_sample_003,273,car,8,6,27,static_memory,True,306.8432076278666,19.177700476741663,0.10648400181017446,False,273,273,True,0.0473
clip_sample_003,273,car,8,6,27,sort_motion,True,17.552726064631536,1.097045379039471,0.8608221448284993,True,273,273,True,0.0473
clip_sample_003,273,car,8,7,28,yolo_only,False,,,0.0,False,273,273,True,0.0473
clip_sample_003,273,car,8,7,28,static_memory,True,357.0114247651351,22.313214047820942,0.03657399863503355,False,273,273,True,0.0473
clip_sample_003,273,car,8,7,28,sort_motion,True,25.878291507614616,1.6173932192259135,0.8232194308080255,True,273,273,True,0.0473
clip_sample_003,273,car,10,0,20,yolo_only,False,,,0.0,False,273,273,True,0.0809
clip_sample_003,273,car,10,0,20,static_memory,True,51.05245445999402,3.1907784037496256,0.7550664046527437,True,273,273,True,0.0809
clip_sample_003,273,car,10,0,20,sort_motion,True,16.280839679501447,1.0175524799688405,0.8947311927867899,True,273,273,True,0.0809
clip_sample_003,273,car,10,1,21,yolo_only,False,,,0.0,False,273,273,True,0.0809
clip_sample_003,273,car,10,1,21,static_memory,True,84.79373415305564,5.299608384565977,0.6302601712107556,True,273,273,True,0.0809
clip_sample_003,273,car,10,1,21,sort_motion,True,12.840552003476365,0.8025345002172729,0.8888421119305764,True,273,273,True,0.0809
clip_sample_003,273,car,10,2,22,yolo_only,False,,,0.0,False,273,273,True,0.0809
clip_sample_003,273,car,10,2,22,static_memory,True,131.99669247544793,8.249793279715496,0.47307895211035095,True,273,273,True,0.0809
clip_sample_003,273,car,10,2,22,sort_motion,True,22.731600926296434,1.420725057893527,0.8338975342762115,True,273,273,True,0.0809
clip_sample_003,273,car,10,3,23,yolo_only,False,,,0.0,False,273,273,True,0.0809
clip_sample_003,273,car,10,3,23,static_memory,True,186.56328984157327,11.660205615098329,0.3329858494823912,True,273,273,True,0.0809
clip_sample_003,273,car,10,3,23,sort_motion,True,40.03754611031193,2.5023466318944956,0.7617406928277193,True,273,273,True,0.0809
clip_sample_003,273,car,10,4,24,yolo_only,False,,,0.0,False,273,273,True,0.0809
clip_sample_003,273,car,10,4,24,static_memory,True,221.36331106507842,13.835206941567401,0.25499483855804633,False,273,273,True,0.0809
clip_sample_003,273,car,10,4,24,sort_motion,True,37.57565451544098,2.3484784072150613,0.7641948411685345,True,273,273,True,0.0809
clip_sample_003,273,car,10,5,25,yolo_only,False,,,0.0,False,273,273,True,0.0809
clip_sample_003,273,car,10,5,25,static_memory,True,269.99696437158457,16.874810273224035,0.16485247502272218,False,273,273,True,0.0809
clip_sample_003,273,car,10,5,25,sort_motion,True,48.96737775707574,3.0604611098172336,0.7168371932853621,True,273,273,True,0.0809
clip_sample_003,273,car,10,6,26,yolo_only,False,,,0.0,False,273,273,True,0.0809
clip_sample_003,273,car,10,6,26,static_memory,True,320.0527040524662,20.003294003279137,0.08918007021768262,False,273,273,True,0.0809
clip_sample_003,273,car,10,6,26,sort_motion,True,61.757694605120385,3.859855912820024,0.6742499946852668,True,273,273,True,0.0809
clip_sample_003,273,car,10,7,27,yolo_only,False,,,0.0,False,273,273,True,0.0809
clip_sample_003,273,car,10,7,27,static_memory,True,357.89455215582905,22.368409509739315,0.037313884127802316,False,273,273,True,0.0809
clip_sample_003,273,car,10,7,27,sort_motion,True,62.33328416581777,3.895830260363611,0.6682231141145104,True,273,273,True,0.0809
clip_sample_003,273,car,10,8,28,yolo_only,False,,,0.0,False,273,273,True,0.0809
clip_sample_003,273,car,10,8,28,static_memory,True,408.0614230410773,25.50383894006733,0.0,False,273,273,True,0.0809
clip_sample_003,273,car,10,8,28,sort_motion,True,75.223722686333,4.701482667895813,0.6244145446297974,True,273,273,True,0.0809
clip_sample_003,273,car,10,9,29,yolo_only,False,,,0.0,False,273,273,True,0.0809
clip_sample_003,273,car,10,9,29,static_memory,True,454.895002609718,28.430937663107375,0.0,False,273,273,True,0.0809
clip_sample_003,273,car,10,9,29,sort_motion,True,84.79503284048806,5.299689552530504,0.5985079516256797,True,273,273,True,0.0809
clip_sample_006,430,car,1,0,28,yolo_only,False,,,0.0,False,430,430,True,0.4259
clip_sample_006,430,car,1,0,28,static_memory,True,52.1959045473582,3.2622440342098873,0.7077106186280681,True,430,430,True,0.4259
clip_sample_006,430,car,1,0,28,sort_motion,True,12.027641398769124,0.7517275874230702,0.875099762682353,True,430,430,True,0.4259
clip_sample_006,430,car,2,0,28,yolo_only,False,,,0.0,False,430,430,True,0.2042
clip_sample_006,430,car,2,0,28,static_memory,True,52.1959045473582,3.2622440342098873,0.7077106186280681,True,430,430,True,0.2042
clip_sample_006,430,car,2,0,28,sort_motion,True,12.027641398769124,0.7517275874230702,0.875099762682353,True,430,430,True,0.2042
clip_sample_006,430,car,2,1,29,yolo_only,False,,,0.0,False,430,430,True,0.2042
clip_sample_006,430,car,2,1,29,static_memory,True,83.89954400343471,5.2437215002146695,0.5692999520063554,True,430,430,True,0.2042
clip_sample_006,430,car,2,1,29,sort_motion,True,1.7637215940303927,0.11023259962689953,0.888513852089026,True,430,430,True,0.2042
clip_sample_006,430,car,3,0,27,yolo_only,False,,,0.0,False,430,430,True,0.1201
clip_sample_006,430,car,3,0,27,static_memory,True,47.2076616903148,2.950478855644675,0.7341083931343022,True,430,430,True,0.1201
clip_sample_006,430,car,3,0,27,sort_motion,True,6.293745709191833,0.3933591068244895,0.8944237760951194,True,430,430,True,0.1201
clip_sample_006,430,car,3,1,28,yolo_only,False,,,0.0,False,430,430,True,0.1201
clip_sample_006,430,car,3,1,28,static_memory,True,99.40324635833475,6.212702897395922,0.5134430839005973,True,430,430,True,0.1201
clip_sample_006,430,car,3,1,28,sort_motion,True,17.518133073915163,1.0948833171196977,0.818081629912613,True,430,430,True,0.1201
clip_sample_006,430,car,3,2,29,yolo_only,False,,,0.0,False,430,430,True,0.1201
clip_sample_006,430,car,3,2,29,static_memory,True,131.10702638745988,8.194189149216243,0.4037810572871276,True,430,430,True,0.1201
clip_sample_006,430,car,3,2,29,sort_motion,True,8.251103325005372,0.5156939578128358,0.8320803240748204,True,430,430,True,0.1201
clip_sample_006,430,car,5,0,26,yolo_only,False,,,0.0,False,430,430,True,0.0676
clip_sample_006,430,car,5,0,26,static_memory,True,35.78081373401562,2.236300858375976,0.7860681426263574,True,430,430,True,0.0676
clip_sample_006,430,car,5,0,26,sort_motion,True,0.2817881240597349,0.017611757753733432,0.8910572152094068,True,430,430,True,0.0676
clip_sample_006,430,car,5,1,27,yolo_only,False,,,0.0,False,430,430,True,0.0676
clip_sample_006,430,car,5,1,27,static_memory,True,82.98834879291557,5.186771799557223,0.5735081700820489,True,430,430,True,0.0676
clip_sample_006,430,car,5,1,27,sort_motion,True,6.498489876503936,0.406155617281496,0.8415903322908966,True,430,430,True,0.0676
clip_sample_006,430,car,5,2,28,yolo_only,False,,,0.0,False,430,430,True,0.0676
clip_sample_006,430,car,5,2,28,static_memory,True,135.18405036555032,8.449003147846895,0.39310936828067533,True,430,430,True,0.0676
clip_sample_006,430,car,5,2,28,sort_motion,True,17.768632865729643,1.1105395541081027,0.7752919712694046,True,430,430,True,0.0676
clip_sample_006,430,car,5,3,29,yolo_only,False,,,0.0,False,430,430,True,0.0676
clip_sample_006,430,car,5,3,29,static_memory,True,166.8878155341567,10.430488470884793,0.2995021374889225,False,430,430,True,0.0676
clip_sample_006,430,car,5,3,29,sort_motion,True,8.546667177661469,0.5341666986038418,0.7520198700047415,True,430,430,True,0.0676
clip_sample_006,430,car,5,4,30,yolo_only,False,,,0.0,False,430,430,True,0.0676
clip_sample_006,430,car,5,4,30,static_memory,True,210.2779863853729,13.142374149085805,0.19218713934281584,False,430,430,True,0.0676
clip_sample_006,430,car,5,4,30,sort_motion,True,11.010452117822833,0.6881532573639271,0.7112184377110987,True,430,430,True,0.0676
clip_sample_006,430,car,8,0,25,yolo_only,False,,,0.0,False,430,430,True,0.0413
clip_sample_006,430,car,8,0,25,static_memory,True,54.12995992159847,3.3831224950999044,0.7006160323135223,True,430,430,True,0.0413
clip_sample_006,430,car,8,0,25,sort_motion,True,24.487201437077502,1.5304500898173439,0.7840944480194899,True,430,430,True,0.0413
clip_sample_006,430,car,8,1,26,yolo_only,False,,,0.0,False,430,430,True,0.0413
clip_sample_006,430,car,8,1,26,static_memory,True,89.91068970259872,5.61941810641242,0.5460199417720861,True,430,430,True,0.0413
clip_sample_006,430,car,8,1,26,sort_motion,True,26.234529094104975,1.639658068381561,0.7408237343457308,True,430,430,True,0.0413
clip_sample_006,430,car,8,2,27,yolo_only,False,,,0.0,False,430,430,True,0.0413
clip_sample_006,430,car,8,2,27,static_memory,True,137.11793154869477,8.569870721793423,0.3862537079591786,True,430,430,True,0.0413
clip_sample_006,430,car,8,2,27,sort_motion,True,39.40119423391212,2.4625746396195076,0.6611464144916311,True,430,430,True,0.0413
clip_sample_006,430,car,8,3,28,yolo_only,False,,,0.0,False,430,430,True,0.0413
clip_sample_006,430,car,8,3,28,static_memory,True,189.3137836887925,11.832111480549532,0.2460464025122305,False,430,430,True,0.0413
clip_sample_006,430,car,8,3,28,sort_motion,True,57.561152082263185,3.5975720051414495,0.5774335023653399,True,430,430,True,0.0413
clip_sample_006,430,car,8,4,29,yolo_only,False,,,0.0,False,430,430,True,0.0413
clip_sample_006,430,car,8,4,29,static_memory,True,221.01747552832555,13.813592220520347,0.17143348187737903,False,430,430,True,0.0413
clip_sample_006,430,car,8,4,29,sort_motion,True,55.229643560959516,3.4518527225599698,0.5642175861870748,True,430,430,True,0.0413
clip_sample_006,430,car,8,5,30,yolo_only,False,,,0.0,False,430,430,True,0.0413
clip_sample_006,430,car,8,5,30,static_memory,True,264.4076454386308,16.525477839914426,0.0843672558400796,False,430,430,True,0.0413
clip_sample_006,430,car,8,5,30,sort_motion,True,64.58348412274668,4.036467757671668,0.5189959742463208,True,430,430,True,0.0413
clip_sample_006,430,car,8,6,31,yolo_only,False,,,0.0,False,430,430,True,0.0413
clip_sample_006,430,car,8,6,31,static_memory,True,312.2713674844481,19.516960467778006,0.0032261215380041276,False,430,430,True,0.0413
clip_sample_006,430,car,8,6,31,sort_motion,True,78.40234871654701,4.900146794784188,0.46875785540441506,True,430,430,True,0.0413
clip_sample_006,430,car,8,7,32,yolo_only,False,,,0.0,False,430,430,True,0.0413
clip_sample_006,430,car,8,7,32,static_memory,True,342.36856591728196,21.398035369830122,0.0,False,430,430,True,0.0413
clip_sample_006,430,car,8,7,32,sort_motion,True,74.46756710357843,4.654222943973652,0.4674270707618224,True,430,430,True,0.0413
clip_sample_006,430,car,10,0,24,yolo_only,False,,,0.0,False,430,430,True,0.0307
clip_sample_006,430,car,10,0,24,static_memory,True,51.111217907890854,3.194451119243178,0.711854333668246,True,430,430,True,0.0307
clip_sample_006,430,car,10,0,24,sort_motion,True,28.72723818122495,1.7954523863265595,0.7609730902542172,True,430,430,True,0.0307
clip_sample_006,430,car,10,1,25,yolo_only,False,,,0.0,False,430,430,True,0.0307
clip_sample_006,430,car,10,1,25,static_memory,True,105.24082448282117,6.577551530176323,0.49019740207048,True,430,430,True,0.0307
clip_sample_006,430,car,10,1,25,sort_motion,True,61.26791121870462,3.8292444511690387,0.5938609442964744,True,430,430,True,0.0307
clip_sample_006,430,car,10,2,26,yolo_only,False,,,0.0,False,430,430,True,0.0307
clip_sample_006,430,car,10,2,26,static_memory,True,141.02126178019353,8.813828861262095,0.3725698816683123,True,430,430,True,0.0307
clip_sample_006,430,car,10,2,26,sort_motion,True,75.46412857899013,4.716508036186883,0.520388589096311,True,430,430,True,0.0307
clip_sample_006,430,car,10,3,27,yolo_only,False,,,0.0,False,430,430,True,0.0307
clip_sample_006,430,car,10,3,27,static_memory,True,188.22793136644503,11.764245710402815,0.24575947220945685,False,430,430,True,0.0307
clip_sample_006,430,car,10,3,27,sort_motion,True,101.07615653144626,6.317259783215391,0.43131668091260544,True,430,430,True,0.0307
clip_sample_006,430,car,10,4,28,yolo_only,False,,,0.0,False,430,430,True,0.0307
clip_sample_006,430,car,10,4,28,static_memory,True,240.42383014485725,15.02648938405358,0.13179619886335373,False,430,430,True,0.0307
clip_sample_006,430,car,10,4,28,sort_motion,True,131.68234340240315,8.230146462650197,0.3484984330279148,True,430,430,True,0.0307
clip_sample_006,430,car,10,5,29,yolo_only,False,,,0.0,False,430,430,True,0.0307
clip_sample_006,430,car,10,5,29,static_memory,True,272.1273392126224,17.0079587007889,0.07002740409967109,False,430,430,True,0.0307
clip_sample_006,430,car,10,5,29,sort_motion,True,141.80010502390445,8.862506563994028,0.31725381016523924,True,430,430,True,0.0307
clip_sample_006,430,car,10,6,30,yolo_only,False,,,0.0,False,430,430,True,0.0307
clip_sample_006,430,car,10,6,30,static_memory,True,315.5174380180905,19.719839876130656,0.0,False,430,430,True,0.0307
clip_sample_006,430,car,10,6,30,sort_motion,True,163.60116685171403,10.225072928232127,0.26949934373413204,False,430,430,True,0.0307
clip_sample_006,430,car,10,7,31,yolo_only,False,,,0.0,False,430,430,True,0.0307
clip_sample_006,430,car,10,7,31,static_memory,True,363.3805837118895,22.711286481993096,0.0,False,430,430,True,0.0307
clip_sample_006,430,car,10,7,31,sort_motion,True,189.86178975385985,11.86636185961624,0.22241447606310233,False,430,430,True,0.0307
clip_sample_006,430,car,10,8,32,yolo_only,False,,,0.0,False,430,430,True,0.0307
clip_sample_006,430,car,10,8,32,static_memory,True,393.47794237436557,24.592371398397848,0.0,False,430,430,True,0.0307
clip_sample_006,430,car,10,8,32,sort_motion,True,198.37909413550318,12.398693383468949,0.20714921324561641,False,430,430,True,0.0307
clip_sample_006,430,car,10,9,33,yolo_only,False,,,0.0,False,430,430,True,0.0307
clip_sample_006,430,car,10,9,33,static_memory,True,435.679079415146,27.229942463446626,0.0,False,430,430,True,0.0307
clip_sample_006,430,car,10,9,33,sort_motion,True,218.9998153482433,13.687488459265207,0.17604698380933545,False,430,430,True,0.0307
